split,task,image,baseline_psnr,ffa_psnr,baseline_ssim,ffa_ssim,baseline_mae,ffa_mae,mae_improvement_percent,time_ms
indoor,its,1400_1.png,14.785179338420711,17.307549210195894,0.798600483808834,0.779794159363827,0.14232860783397044,0.11899259778712794,16.395866412519013,1608.1024000013713
indoor,its,1400_10.png,9.083560229834536,15.24381029156749,0.660379691529874,0.692337184193768,0.28046437770994326,0.13855568389113476,50.597758588006805,245.8348000072874
indoor,its,1400_2.png,13.712068069928513,17.0464878753954,0.7795622458213335,0.7771196227932622,0.1614788292128446,0.12056144065854486,25.339164409255314,266.03359999717213
indoor,its,1400_3.png,12.814732279118061,16.723026656601824,0.7617839346965952,0.7659595522126869,0.17952761048318344,0.1232681067752019,31.33751985157706,270.17860001069494
indoor,its,1400_4.png,12.050256372285343,16.38448764321476,0.7450227791721806,0.7499725571218335,0.19654574705057337,0.12656675283484128,35.60442884438647,232.32419999840204
indoor,its,1400_5.png,11.388692173588847,16.05957075571707,0.7291500494647939,0.7348321277954476,0.21263499069567052,0.1299187085774001,38.900595785101444,240.57200000970624
indoor,its,1400_6.png,10.811745152950433,15.784577683369623,0.7140565375555198,0.7213771697220256,0.22779098259219538,0.13284853193264218,41.67963341268927,240.38350000046194
indoor,its,1400_7.png,10.30335960608815,15.562544744665452,0.699685213227513,0.7101221075827909,0.24208773570204145,0.13529134009845173,44.114746615482716,239.90580000099726
indoor,its,1400_8.png,9.851049036369357,15.407409367982863,0.6859572776775265,0.7010993988800353,0.2556160199470157,0.1369785358743778,46.412380357064926,239.13570000149775
indoor,its,1400_9.png,9.447030462825778,15.305617651104996,0.6728441163633478,0.6955858924602616,0.2683786632932743,0.1380240400040334,48.571155706844934,240.86019999231212
indoor,its,1401_1.png,17.865025447849835,17.961664945582154,0.8149946685339678,0.7647373188871156,0.10252416375619905,0.10639018599492159,-3.770839692808334,235.38190001272596
indoor,its,1401_10.png,11.599487429041469,17.744651299585993,0.7016226345572965,0.7332648869502769,0.21712754723207653,0.10925949454115445,49.67957732588842,235.36150000290945
indoor,its,1401_2.png,16.726802864322053,18.204216636972717,0.7993661412351529,0.7831705873790256,0.11733260915399352,0.10211817415138098,12.966926940107173,244.48490000213496
indoor,its,1401_3.png,15.765139365720682,18.38491444797122,0.784839651528887,0.7987406278457344,0.13153805149923456,0.09901016601123853,24.728877039278334,258.26129999768455
indoor,its,1401_4.png,14.936196369630068,18.483437814826374,0.7711587372332339,0.8031235310923228,0.14522246972655353,0.09747166992089028,32.88113513525975,241.89050000859424
indoor,its,1401_5.png,14.212767272702003,18.499434824217026,0.7582021845332093,0.7947662285267837,0.158362085086489,0.09773844750616469,38.281659223575495,238.46530000446364
indoor,its,1401_6.png,13.571879106816045,18.442724581850513,0.7458569615478416,0.7795671371561522,0.17103718523407496,0.09940959675127649,41.87836942997791,238.5157000098843
indoor,its,1401_7.png,13.001006188660998,18.323164626811973,0.734088992423398,0.7654859997572894,0.18321547085407328,0.10168021982051353,44.502380832382066,248.4697000036249
indoor,its,1401_8.png,12.487567534389548,18.15638806821695,0.7228023436051115,0.7532495414764983,0.19494826242792582,0.10418018315320518,46.56008393625465,244.68160000105854
indoor,its,1401_9.png,12.022580962696312,17.958241459704983,0.7119850442264029,0.7426019179647255,0.20624090879923732,0.10676951846657316,48.23067648835164,243.68580000009388
indoor,its,1402_1.png,16.118088779559127,20.99865972965337,0.7023914545748227,0.7518830146377931,0.13618606825619448,0.07676763468360696,43.630328689551526,247.42569999943953
indoor,its,1402_10.png,9.886459919106024,15.329442303953636,0.5525059652893258,0.6143562093608866,0.28282999660827396,0.15608025098772565,44.81481549307447,254.51099999190774
indoor,its,1402_2.png,14.985364748491453,19.902784089983903,0.6789696271463375,0.7270361248889974,0.15546268184693232,0.08878518457406338,42.88970973082032,273.55790000001434
indoor,its,1402_3.png,14.028167889101912,18.949474489578368,0.6579954169811955,0.7060530863021928,0.17388401672029263,0.10037524406677117,42.27459763844015,312.2979000036139
indoor,its,1402_4.png,13.203561516610948,18.131059198197935,0.6389495187772433,0.6876268158613552,0.19152054744291358,0.11123618329987442,41.91944990916679,302.96980000275653
indoor,its,1402_5.png,12.483286506068596,17.442053867447072,0.6215790531656394,0.671405003200916,0.20839724445177793,0.12113840075534654,41.87139793467032,300.19999999785796
indoor,its,1402_6.png,11.846571066312315,16.856797058064423,0.6055857226308329,0.6569872766312422,0.2245655107297711,0.13027500939599776,41.98796904678745,297.5257999933092
indoor,its,1402_7.png,11.278678268184239,16.376282710970788,0.5908215188190336,0.644421947588986,0.24006070731237794,0.13814520254104448,42.454053254667386,292.99049999099225
indoor,its,1402_8.png,10.76854243685867,15.967270061983447,0.5771529293643306,0.6333668839850191,0.2549115126181375,0.14506859078367204,43.09060677457579,306.8134000059217
indoor,its,1402_9.png,10.306921314964699,15.624321841223852,0.564401134374456,0.6233731686852444,0.2691509088909056,0.1510035750625636,43.89631449715779,843.0860999942524
indoor,its,1403_1.png,13.38984423833866,20.164910718321693,0.6513142514127476,0.7455704810269462,0.20463306566198244,0.08116024988770636,60.338640454308226,294.28649999317713
indoor,its,1403_10.png,7.4173156166687875,13.135941734723568,0.47266471984890046,0.5677917517005392,0.4102694909660919,0.20227056806827454,50.69811975007329,289.88189999654423
indoor,its,1403_2.png,12.284201674305299,18.520577783624297,0.6240489646252109,0.712427294962485,0.23268709035741456,0.10169904848334846,56.29364140636264,285.57809999620076
indoor,its,1403_3.png,11.354035250551481,17.213127443178514,0.5993312666743703,0.6849768648193143,0.2592633125246358,0.12112974727057724,53.279254430959014,287.8227000037441
indoor,its,1403_4.png,10.557908284014326,16.177153048692517,0.5767512241574214,0.6615066340384389,0.2844363226356461,0.13860177928113743,51.271418810380354,300.46080000465736
indoor,its,1403_5.png,9.866688588969888,15.344193112823314,0.5559762910100862,0.6408212656577441,0.30828561083152284,0.15416000238337502,49.99442012002792,302.2636999958195
indoor,its,1403_6.png,9.258613349318265,14.674947761083017,0.5367942059923184,0.6223074722166706,0.33093184464061454,0.16772935401369524,49.31604145637596,290.4683999950066
indoor,its,1403_7.png,8.721031722724561,14.148513079695906,0.5190064219130414,0.6059532029952107,0.3523444435277618,0.17911507576382588,49.16477782735606,302.1851999947103
indoor,its,1403_8.png,8.239962412232996,13.732562425724808,0.5024844073381679,0.591479263220588,0.3726935117197885,0.1885047667500848,49.42096769478782,290.6184999883408
indoor,its,1403_9.png,7.808283097628982,13.407828175355132,0.4870439443293164,0.5789447941666734,0.39195181915683525,0.1959881106252693,49.996885829853646,252.67679999524262
indoor,its,1404_1.png,16.21208907007581,20.08676844211326,0.8341169284676394,0.8635206071822988,0.127042671580086,0.07988083583129373,37.12282766879578,257.441400011885
indoor,its,1404_10.png,10.153785749049502,16.157706348289224,0.6684789970251792,0.7567842261931536,0.25850408840488037,0.1363408867988523,47.25774266630417,260.5150000017602
indoor,its,1404_2.png,15.098540321550672,19.385372056216468,0.8111279845538539,0.847170062620792,0.1446586777768611,0.08942571661670745,38.181572091509345,281.746300010127
indoor,its,1404_3.png,14.160262128017202,18.75102363193407,0.7895233799298073,0.8315013210342865,0.1614112055294301,0.09832004143405843,39.08722444622708,297.1554000105243
indoor,its,1404_4.png,13.355399407286905,18.197072905653567,0.7692010628552048,0.8170144837939434,0.177356548322929,0.10627148475098314,40.080312926751155,311.061400003382
indoor,its,1404_5.png,12.654522240485129,17.734499108838506,0.7500364421729501,0.8036565333972471,0.19262755181549013,0.11296443271090578,41.35603355707233,323.64760000200476
indoor,its,1404_6.png,12.03751083375451,17.333344846610103,0.7319592184634587,0.7918282633432995,0.207148979273804,0.11881575594239566,42.64236269801531,318.96110001252964
indoor,its,1404_7.png,11.488996531535157,16.98607076359599,0.7147977403081255,0.7810435091455802,0.22099944082354775,0.1239086067339512,43.93261328378442,319.0080000058515
indoor,its,1404_8.png,10.997996925708078,16.677724720921756,0.698543036767561,0.7715127097731248,0.23413651697238036,0.12852490168577949,45.106851396603844,322.0151999994414
indoor,its,1404_9.png,10.555357904273253,16.405940304690173,0.6831212611183206,0.763502428488357,0.24662065377810774,0.13260540934466356,46.23101839350625,320.28050000371877
indoor,its,1405_1.png,15.937891927779726,20.85754336588849,0.8430944841757358,0.8747931535215195,0.13534293558470606,0.07694044770783488,43.15148279399554,321.94300000264775
indoor,its,1405_10.png,10.033229494581448,16.7215201298533,0.6805457747453522,0.7654021017694248,0.26977659984049723,0.12324901685779503,54.31441334715237,314.95370001357514
indoor,its,1405_2.png,14.843218477079137,20.143677962096906,0.8204908207304671,0.8577533528323622,0.15372338640926217,0.08423228281494925,45.205287690433785,324.90939999115653
indoor,its,1405_3.png,13.923163177903657,19.465367558872494,0.7991714605011353,0.8416341241981278,0.17110485016821125,0.09137067440346873,46.59959727991172,315.03450000309385
indoor,its,1405_4.png,13.136092682022692,18.845546441052512,0.7791005553963247,0.8265812490179361,0.1875330097443372,0.09811421408207976,47.68162736576291,317.9258000018308
indoor,its,1405_5.png,12.452710402236047,18.3610268942577,0.7602469662434616,0.8129883466846869,0.20334544271191413,0.10337466655666475,49.16302519775601,324.5198999939021
indoor,its,1405_6.png,11.85244645757027,17.93897469931866,0.742415837555714,0.8008270346902268,0.21825655657307336,0.10805561513993162,50.49146660897643,325.205700006336
indoor,its,1405_7.png,11.32116398307578,17.54995698730538,0.7255987370304661,0.7897063019196483,0.23218511490617755,0.11279011174362219,51.42233087102417,319.31159998930525
indoor,its,1405_8.png,10.845925132811853,17.213359272038115,0.7097106899000748,0.7798405743909761,0.24540289121726294,0.1171194208398647,52.27463479081889,325.794100004714
indoor,its,1405_9.png,10.419497444641536,16.944299522111535,0.6947219739562195,0.7717003786815299,0.2579069612884892,0.12050014208581984,53.27766772499106,319.2869999911636
indoor,its,1406_1.png,17.56019745458393,20.621810268207565,0.8772269353638823,0.8519115848390992,0.10746617899146568,0.07208119975432904,32.926615867942154,322.5001999962842
indoor,its,1406_10.png,11.536487443006498,17.56193119718813,0.72631155479796,0.759434449899727,0.22249463740615463,0.11234713857492507,49.50568479526608,322.520199988503
indoor,its,1406_2.png,16.45611661717034,20.102717635062533,0.8570069883037398,0.8362982460330018,0.12261830707037374,0.07762356882912118,36.69495660703691,316.5269999881275
indoor,its,1406_3.png,15.525555893258678,19.60316363387818,0.8377315692122025,0.8210010887334901,0.1370925207857804,0.08347278827379478,39.11207430824321,326.763299992308
indoor,its,1406_4.png,14.727102576466706,19.177959944341126,0.8193691904421274,0.8070856690631115,0.1509237503322975,0.08899057650175546,41.03606595421438,317.21189999370836
indoor,its,1406_5.png,14.030763684692696,18.824317546282767,0.8018901292553448,0.7950793031831087,0.16417019589509482,0.09404125988871473,42.71721267815956,315.0485999940429
indoor,its,1406_6.png,13.41778041124387,18.525057859638316,0.7852847541771378,0.7848040529855882,0.17683609254828625,0.0984857410004675,44.306762261074304,319.967599993106
indoor,its,1406_7.png,12.871608201154434,18.256784070068527,0.7694359743746904,0.7760868255364816,0.18897153700189753,0.10249868914372669,45.759718449731764,314.9537999997847
indoor,its,1406_8.png,12.381557976328697,18.009344547548377,0.7543482021366873,0.7693221961034853,0.2006028930506284,0.1061080035567289,47.10544466549956,322.8169999929378
indoor,its,1406_9.png,11.939123642320283,17.782401532842787,0.7400023820103544,0.7638371008718873,0.21175274317300552,0.10931343215172934,48.37684964482212,316.0940999950981
indoor,its,1407_1.png,17.173140315002552,12.37052470180259,0.8959340707636744,0.7126900329302002,0.11223785624581763,0.19852823382742532,-76.88169818964566,317.26360000902787
indoor,its,1407_10.png,11.218750837064107,14.01836150893951,0.7646563469926644,0.7365919133022185,0.22782580278488207,0.16835779042799914,26.102403248324578,315.2490999927977
indoor,its,1407_2.png,16.070693424082684,12.534177974453101,0.8799157733982521,0.7131461771135695,0.12780688703718981,0.19531979392972715,-52.824149914923716,319.619200003217
indoor,its,1407_3.png,15.144236421679176,12.702429971136063,0.8641868905094374,0.7141124417684783,0.1425814930927958,0.1922913584321059,-34.86417540917465,327.75060000130907
indoor,its,1407_4.png,14.351159901503387,12.877195995727737,0.8488296701841325,0.7155479564059983,0.15664128830587867,0.1892771406832953,-20.834768819195755,319.3312000075821
indoor,its,1407_5.png,13.661268868349152,13.055974185479789,0.8338206031807888,0.7174435300082793,0.17002888925556198,0.18624280633244414,-9.535977206152367,322.9652000009082
indoor,its,1407_6.png,13.05661596833051,13.237047016219272,0.8192212001805199,0.7198164630282964,0.18274350759471622,0.18318494531987642,-0.24156135931410033,322.0341000123881
indoor,its,1407_7.png,12.519655936286373,13.421427744265523,0.8049811064164915,0.7227358095188995,0.19484945778217783,0.17998650643052921,7.62791477996948,318.7084000092
indoor,its,1407_8.png,12.039794514346529,13.615892588817855,0.79112114988523,0.726559046067989,0.20638976890428914,0.17646352519502426,14.499867129148308,315.4391999996733
indoor,its,1407_9.png,11.60912946289034,13.814832598648694,0.777706287342724,0.7313038697392044,0.2173531657637342,0.1725996938279753,20.590208437720978,319.5908999914536
indoor,its,1408_1.png,17.524017056542462,14.38803245708414,0.9047411297000004,0.735885905423904,0.10962854641622895,0.15835890419749013,-44.450423661737965,322.18260000809096
indoor,its,1408_10.png,11.547308154522574,15.71624746740278,0.7632112868469384,0.7545527106253415,0.22510903940818963,0.13566039655693973,39.735693916530614,315.8104000031017
indoor,its,1408_2.png,16.422374266767736,14.561281851334968,0.8884021589796381,0.7388047434492644,0.12497958089266561,0.1552524635847794,-24.22226099148668,319.55630000447854
indoor,its,1408_3.png,15.49523722113198,14.721284474155958,0.8720424026665219,0.740781764847762,0.13962020918699408,0.15258754319867263,-9.287576031026944,323.8841999991564
indoor,its,1408_4.png,14.70097513360579,14.870694631628679,0.855760977406582,0.7424316099153141,0.15357164333709172,0.1501910733437835,2.2012981691926043,316.9821000046795
indoor,its,1408_5.png,14.009777236631386,15.01227576974886,0.8396429191298881,0.7437277623747985,0.16690248329345764,0.14790592085361493,11.381832628732427,316.9482999946922
indoor,its,1408_6.png,13.401975650051686,15.151297223977044,0.8237316715314783,0.7451738986098929,0.1796205529430098,0.14563586154424368,18.92026772544345,324.7209999972256
indoor,its,1408_7.png,12.861929291624696,15.295549722052925,0.8080967771561484,0.7471811820305233,0.1917658196518439,0.1432423021569544,25.303526484872336,315.14289999904577
indoor,its,1408_8.png,12.378350800617998,15.444267755140721,0.7927975909741426,0.749622627581723,0.2033918681076919,0.14068286445012787,30.83161640523368,322.2349999996368
indoor,its,1408_9.png,11.942672404472125,15.58282972729599,0.777856688452253,0.7520018898689679,0.21448151050976724,0.13818331820806865,35.573317514887755,322.0052999968175
indoor,its,1409_1.png,17.777583701560044,14.012070678523227,0.8968057074680885,0.7544084982280409,0.10295596714609172,0.1596075039646527,-55.02501009550325,317.7352999919094
indoor,its,1409_10.png,11.991015454832404,16.88097718880515,0.7458648848330861,0.7822811803907709,0.20593837142149987,0.11863366608915657,42.39360566481986,322.2905000002356
indoor,its,1409_2.png,16.699638718215684,14.333509633228678,0.8779102648540874,0.7583087622208625,0.11697112449467865,0.1555665099139235,-32.99564938476396,322.73179999901913
indoor,its,1409_3.png,15.79563743436384,14.655309605621177,0.859475885594307,0.761284568541256,0.13024194465069805,0.1515124302175288,-16.331515926551514,324.31440000073053
indoor,its,1409_4.png,15.02381119311595,14.9815175531567,0.8415114767095195,0.7639336299287929,0.14280662578261785,0.147267213009561,-3.1235153762274126,316.4571000088472
indoor,its,1409_5.png,14.354313602116665,15.319248507586119,0.8240916136911478,0.7667017042472374,0.1547354682873617,0.142703787732952,7.775644401386396,321.45329999912065
indoor,its,1409_6.png,13.767345877375535,15.66506108193128,0.8072793607580605,0.7701580097297299,0.16604509162243675,0.13779620768363446,17.012777650638732,323.07940001192037
indoor,its,1409_7.png,13.24824826662985,16.009324652513463,0.7910229229641841,0.7732345563212496,0.17678270494733658,0.1327119737095399,24.929321427677646,317.6497000094969
indoor,its,1409_8.png,12.784152460920792,16.338676362235567,0.7753980412476752,0.7760455620130845,0.18700199378489124,0.12761196820944365,31.759031653887543,323.4157000115374
indoor,its,1409_9.png,12.367474172240374,16.628613548832945,0.7603461685310274,0.7789705479221624,0.19669901181604013,0.12291796148099257,37.50961730966319,323.9677999954438
indoor,its,1410_1.png,17.068123039747697,15.884341245521224,0.9036163239560047,0.8119370017908532,0.1164012778556958,0.11770370523150821,-1.1189114826865492,320.73499998659827
indoor,its,1410_10.png,11.100667300134672,15.331482934239421,0.7759885459276942,0.7503497217937518,0.2404203815233433,0.14181772681021917,41.012600507120645,319.3597000063164
indoor,its,1410_2.png,15.968758041183598,15.764972499431021,0.8873363005411155,0.8031291787870304,0.13278726086039838,0.12192376408253812,8.181128136356723,317.13280000258237
indoor,its,1410_3.png,15.04396238533625,15.64638139678838,0.871593349558931,0.7942986189851088,0.1484376289085059,0.12601844365609732,15.10343698354521,315.87170000420883
indoor,its,1410_4.png,14.251540617436984,15.539319985633092,0.8563929060138223,0.7858000905494634,0.1633701610611519,0.12980060317722225,20.548156169441768,315.21519999660086
indoor,its,1410_5.png,13.560887987733528,15.453226985249684,0.8417124271441992,0.7776894300677797,0.17768016481955104,0.1331042680746913,25.087715492249067,325.79589998931624
indoor,its,1410_6.png,12.954778947406684,15.3872289619982,0.8275777257648671,0.7701800643824184,0.1913205501929617,0.13586104923502829,28.987737074362624,317.0237000013003
indoor,its,1410_7.png,12.415194702254901,15.350420666282838,0.8139568112415002,0.7636676673732632,0.20441372640687883,0.13799918415238935,32.49025404158433,319.73659999493975
indoor,its,1410_8.png,11.931889662534607,15.331338849170981,0.8008416005779934,0.7578524969214651,0.21693677639358688,0.13967933063828616,35.61288384494324,321.1611000006087
indoor,its,1410_9.png,11.49682755826454,15.325880907025464,0.7882303822208026,0.7533740753117333,0.22890983050536717,0.1409093354967045,38.44329925458113,318.14309999754187
indoor,its,1411_1.png,13.939295312394261,17.72586153314787,0.7651535306890805,0.7873755719545933,0.16081974809559169,0.1130405769600968,29.709764335732196,322.6221999939298
indoor,its,1411_10.png,8.307418202971174,15.854194473682622,0.622824535074561,0.7365285423942786,0.30824346176058076,0.1328153984361393,56.91217475668071,320.28749999881256
indoor,its,1411_2.png,12.87320712812498,17.218125104470296,0.7441712743863804,0.7725951783232059,0.1818113558653943,0.12081928975423736,33.54689395838595,323.7980999983847
indoor,its,1411_3.png,11.982163693860983,16.852355410669695,0.724997367408493,0.7613673165826093,0.20181417008130978,0.12556466279826564,37.782036550813054,321.5766000066651
indoor,its,1411_4.png,11.22427931479622,16.54957277444215,0.7072540934545545,0.7521022082729231,0.22040543501177937,0.12915320976450423,41.40198316897219,331.0924999968847
indoor,its,1411_5.png,10.569946829524214,16.322857041985166,0.6907318588412407,0.7450773030717559,0.23782457443005253,0.13151149978457957,44.70230649209485,318.3108999946853
indoor,its,1411_6.png,10.001012661495565,16.145650645301476,0.6753146363935624,0.7400772101957703,0.2538719531758472,0.13327668234194098,47.502398187378645,321.59340000362135
indoor,its,1411_7.png,9.500955746896206,16.01299030092492,0.6608651303805763,0.7363574273921358,0.2688423580745996,0.13428398830312863,50.05102831638989,315.4879999929108
indoor,its,1411_8.png,9.056853786784602,15.931908464737763,0.6473090774666218,0.7350836807300697,0.28287980914666006,0.13431874432802574,52.51737832228049,317.8954999893904
indoor,its,1411_9.png,8.661697572886704,15.880026641095686,0.6346874391605252,0.7352725764033227,0.29598123550495464,0.13394325275692326,54.746030435674655,323.1984000012744
indoor,its,1412_1.png,15.592696393414283,15.668234589722532,0.8226178661381188,0.7431176032684363,0.1342703847317328,0.1336755264050454,0.44303014664990564,317.2863000072539
indoor,its,1412_10.png,9.788309105318389,15.457086642328626,0.683305020852615,0.7113172674592511,0.2699416531455967,0.14362752431500883,46.79312091311323,317.0386999991024
indoor,its,1412_2.png,14.510873385627418,15.601032754608015,0.8034891074311488,0.7340734895167818,0.15269387380945834,0.13660880565409894,10.534192826892417,318.15979999373667
indoor,its,1412_3.png,13.603226028330525,15.536674220964713,0.7855858499435584,0.7266800238116208,0.17015953487519364,0.1390656298985232,18.273382782891662,319.957700005034
indoor,its,1412_4.png,12.828488777286049,15.485089980279447,0.7686759825552428,0.7207866427257889,0.18669979099634246,0.14091323139821613,24.52416090096599,324.0038999938406
indoor,its,1412_5.png,12.156564039854974,15.442918853740352,0.7526656506969115,0.7156456380446525,0.20240863881784596,0.14229788979640476,29.69771764819042,321.545500002685
indoor,its,1412_6.png,11.56776524232068,15.41943621499589,0.7374933194904897,0.7117704110456046,0.21736571973342866,0.1430788759636627,34.17596870531031,319.46729999617673
indoor,its,1412_7.png,11.046670080048525,15.414492409759085,0.7229941529994863,0.7094026590852934,0.2315310938774762,0.14359880464574795,37.978607521459004,318.4766999911517
indoor,its,1412_8.png,10.581948609151787,15.43115983086113,0.7091624664194621,0.7088565061157691,0.24499134651523066,0.1436216758793279,41.376835525052826,315.4921999957878
indoor,its,1412_9.png,10.16481047136314,15.449316687979826,0.6959617216047521,0.7095052159492985,0.25777663192439204,0.14362370174811392,44.28365942084081,316.12059999315534
indoor,its,1413_1.png,12.165575706476105,17.662417961383227,0.7627864675906296,0.7662289245424135,0.2206636278634876,0.10897424121588795,50.61522040015297,318.3751000033226
indoor,its,1413_10.png,7.039287542255263,17.004385386458388,0.5600272447323494,0.7792485831960447,0.39937183400709514,0.1099647535498538,72.46556931842692,321.3028000027407
indoor,its,1413_2.png,11.163140758641264,17.41587050171366,0.7331249545996718,0.7539559631756436,0.24774263674614302,0.11229469515716525,54.67284029130786,320.1466000027722
indoor,its,1413_3.png,10.33282011001443,17.20663996600372,0.7056146529921685,0.7443634717950219,0.27271495751175645,0.11497548790437165,57.840415231549336,315.6040000030771
indoor,its,1413_4.png,9.636368478137907,17.079170642392583,0.6805947631691662,0.7372147611480901,0.29564313083812294,0.11629544225357277,60.66357165470332,321.3138999999501
indoor,its,1413_5.png,9.040514655829604,17.024514026071174,0.656566958013551,0.7368373247784454,0.31672899650743885,0.11647279744062188,63.22635279762848,323.25000000128057
indoor,its,1413_6.png,8.527356177864199,17.07213593852988,0.6342513887671335,0.7426065619885948,0.33611309572917525,0.11435304659498209,65.97780489787786,322.1440000052098
indoor,its,1413_7.png,8.081040642899222,17.161441590070314,0.613679044808179,0.7524606059173672,0.3539512645637965,0.11100979475474154,68.63698120834623,320.5132000002777
indoor,its,1413_8.png,7.689720912741632,17.220646544782234,0.594393199995389,0.7632977882886257,0.37035893628138494,0.10808696568856621,70.81561637059909,323.74459999846295
indoor,its,1413_9.png,7.3449372030120506,17.190542291084917,0.5765793263880349,0.7728211688405149,0.38545739717111716,0.10748571808339978,72.11475870388881,323.7869000004139
indoor,its,1414_1.png,13.760367949489456,16.54302696762774,0.7807784258963003,0.7866240138834572,0.1697108461898083,0.12092280614910761,28.747742564055596,320.8633999893209
indoor,its,1414_10.png,8.256245076807673,16.23223703950663,0.5859632758932593,0.7694802065361168,0.32112247797669796,0.12464069246211808,61.185931496905155,320.0838000047952
indoor,its,1414_2.png,12.70961698923729,16.392804060591594,0.7546957877067005,0.7778412530643816,0.19160927316228038,0.12502613004060906,34.74943490356874,316.00109999999404
indoor,its,1414_3.png,11.834294621141542,16.30672915145174,0.7299667606179803,0.7713825306516148,0.21217537973581205,0.1270614131580636,40.11490997317229,320.83650000276975
indoor,its,1414_4.png,11.092107789114241,16.219582278965802,0.7065026465971784,0.7664225326197932,0.23121730880290403,0.12879285262492093,44.29791708868163,319.06330000492744
indoor,its,1414_5.png,10.452462527099389,16.153486421981526,0.6838500220771317,0.7626988209296496,0.24897633125246357,0.12983179330638286,47.853758853845235,320.55219999165274
indoor,its,1414_6.png,9.897537575652983,16.12000024398241,0.6620535655281589,0.7609706140933582,0.26548811520868276,0.1299571129994775,51.049741717326626,323.95560000441037
indoor,its,1414_7.png,9.411113320325668,16.11874665590952,0.6414374593185113,0.760976295511384,0.2808699456407154,0.12935234991612354,53.94581822714098,318.1326999911107
indoor,its,1414_8.png,8.98060086424848,16.14484474049913,0.6219260436060611,0.7624090741539072,0.2952420913199314,0.12811356323735662,56.60728173095825,323.9039000036428
indoor,its,1414_9.png,8.597979542399836,16.186300063808872,0.6034154714074175,0.7654625631471458,0.308626428879172,0.12648759728295245,59.01595218403416,319.79820001288317
indoor,its,1415_1.png,15.52682772421101,18.324213834548534,0.8410543894557955,0.8093043126653775,0.1560288067541182,0.09860843439760196,36.80113299007037,320.47370000509545
indoor,its,1415_10.png,9.548104492867282,17.601715796488108,0.6797762639589252,0.7595162521045911,0.31352026785468745,0.1115334039179019,64.42545449337852,317.3785999970278
indoor,its,1415_2.png,14.42268705646346,18.20602824060429,0.8185611619733689,0.7964000077695101,0.177426514130664,0.10225215191265845,42.36929206968183,320.5094000004465
indoor,its,1415_3.png,13.494292199420226,18.049897126822202,0.7973188240968833,0.7846257684076474,0.19769299837747156,0.10574033128913089,46.512857406048404,323.429899988696
indoor,its,1415_4.png,12.697821778534134,17.888342095327676,0.7773670855273801,0.7737110693880306,0.21697395246083476,0.1088374904894169,49.83845100351025,322.15249999717344
indoor,its,1415_5.png,12.007124788959675,17.750676135643687,0.7585387695276576,0.7656213694249497,0.23519265003804232,0.1113297674375968,52.66443373717987,318.6206999962451
indoor,its,1415_6.png,11.398237903716339,17.67813482692454,0.7407702754837429,0.7608907310905346,0.25252700547259577,0.11276919304421162,55.34370735219443,322.72440000087954
indoor,its,1415_7.png,10.859063552202963,17.640075855020076,0.7240913816181989,0.7585916993259761,0.2689538908597567,0.11317112174463052,57.92173625931439,315.86909999896307
indoor,its,1415_8.png,10.376310141992786,17.60956440750778,0.7083901762139814,0.7578628396137548,0.28457378379121634,0.11325646948821605,60.201367111368974,314.7386000055121
indoor,its,1415_9.png,9.942132820797315,17.608762601094995,0.6936934202087635,0.7586626602222828,0.2993915106014355,0.11241756272401433,62.45131709201943,317.2469999990426
indoor,its,1416_1.png,18.598174427734598,11.90835408203075,0.9260664210276773,0.738444893474889,0.07996337394237733,0.2100255846143974,-162.65220937341098,320.14490000437945
indoor,its,1416_10.png,12.721535091767516,12.072067049337116,0.8470358582265454,0.7182942957430066,0.16520943908185057,0.21176247375995746,-28.178191342459407,315.78750000335276
indoor,its,1416_2.png,17.507593570260266,11.91688354111816,0.9158255034513295,0.7342603506980175,0.09121557168917123,0.2106523801666529,-130.93904162610934,317.2082000091905
indoor,its,1416_3.png,16.591126563796294,11.92464023651143,0.9060278700951528,0.7310656702884785,0.1019701619778346,0.21122160346139393,-107.14058764881507,322.51449998875614
indoor,its,1416_4.png,15.808286760033939,11.933427431870356,0.8966442851202127,0.7279318817363963,0.11223184280724911,0.21169834722107636,-88.62591316625101,322.0980000041891
indoor,its,1416_5.png,15.127528442321713,11.948626901005447,0.8875904664494582,0.7251636690256352,0.12205273217281302,0.21207378379121633,-73.75586161836787,318.2918999955291
indoor,its,1416_6.png,14.531435894510487,11.960715330138793,0.8788916367648817,0.7227071671547994,0.13143632263564614,0.2124223157238585,-61.61613875267894,314.7966999968048
indoor,its,1416_7.png,14.001940865365718,11.9831032795003,0.8704954553985883,0.7207666264665601,0.14043880226237293,0.2125012696055514,-51.31235887166914,319.7130000044126
indoor,its,1416_8.png,13.529754196232869,12.009081498276936,0.8624159734131284,0.7191781651940227,0.14904972087011523,0.21240396831944558,-42.50544236442698,318.67789999523666
indoor,its,1416_9.png,13.105542163075722,12.035096746039493,0.8545960788736296,0.7182961539392626,0.1572836262134587,0.21222426642466244,-34.93093212611172,320.74870000360534
indoor,its,1417_1.png,15.535150833343334,15.073752637303548,0.8287941632934482,0.7254014122691786,0.14908269394714407,0.1429067779519475,4.142610666215299,329.5404999953462
indoor,its,1417_10.png,9.817836812934782,16.894910772779,0.630530572408596,0.7537487132914138,0.2893775357735427,0.11615157806928286,59.86157538284631,314.6701999939978
indoor,its,1417_2.png,14.462792648890803,15.214126271365371,0.8031219146209425,0.7194811483235396,0.1688022761231655,0.1439102796798944,14.74624367652748,320.90940000489354
indoor,its,1417_3.png,13.564911471214032,15.371675710933463,0.7785112085599512,0.7163410775992815,0.18734980612160712,0.14407597007947642,23.097880178351513,319.64269999298267
indoor,its,1417_4.png,12.800010635933605,15.564820291968601,0.7546035450255536,0.7172500181086662,0.20473003694231315,0.14314153581021002,30.08278562523699,321.4443000033498
indoor,its,1417_5.png,12.137754279325266,15.796041230656716,0.731498769285063,0.7217696000110312,0.22108017765310892,0.14076519630760206,36.328439105329046,321.48130000859965
indoor,its,1417_6.png,11.558137027090831,16.047252195158176,0.7093761898421985,0.7281907581145322,0.2364611647370496,0.13720049225861453,41.97757732905424,316.8898000003537
indoor,its,1417_7.png,11.047349379616167,16.301615671983377,0.6881994652136801,0.7355190259385127,0.2508998524140839,0.13269470340730963,47.11248060060276,321.50049999472685
indoor,its,1417_8.png,10.592327734467446,16.531612705260706,0.6679808856095639,0.7423550467946858,0.26450451924575347,0.12768984498895397,51.724889039493085,319.3375999981072
indoor,its,1417_9.png,10.18478813053381,16.736075236202474,0.6487349392354314,0.7486183783526329,0.27731593469552385,0.12205967604433077,55.985334280600085,324.1580000030808
indoor,its,1418_1.png,16.123303121163065,15.141834558425131,0.8231587191369728,0.7465734230785156,0.131037776494422,0.1377166533747674,-5.096909112265655,320.77740000386257
indoor,its,1418_10.png,10.208413762955038,15.730377184459579,0.6439524867508425,0.7261663909281874,0.26258447231159876,0.1449440548542933,44.800978497162745,319.22710000071675
indoor,its,1418_2.png,15.027872710801194,15.177456376237782,0.8000302422823765,0.7358654134101027,0.1489565079888898,0.14140306538697758,5.070904384644381,321.7667999997502
indoor,its,1418_3.png,14.107040160263672,15.208011131823847,0.7777954591347337,0.7272742683386713,0.16593139546608732,0.14450644427944154,12.911932570247869,320.0801000057254
indoor,its,1418_4.png,13.31905990199682,15.239742493348988,0.7564400944071582,0.7208242541033533,0.18199986249759373,0.1469200927682901,19.27461225543849,316.8673000036506
indoor,its,1418_5.png,12.634673224028017,15.291921872089038,0.7358815570459974,0.7169582374834403,0.1972576886762185,0.14833783882884619,24.799969874772817,316.08989999222104
indoor,its,1418_6.png,12.03329295424786,15.367731788438315,0.7160454627967056,0.716203038198242,0.21171511793123046,0.1487778006948455,29.727359519074298,320.0046999991173
indoor,its,1418_7.png,11.500736366197406,15.462801673675433,0.6970172002326188,0.7172743463876827,0.22544655281467424,0.1482960289305063,34.22120209816135,316.00560000515543
indoor,its,1418_8.png,11.024203525244046,15.560226752217616,0.6786079900328463,0.7199112818463375,0.2384835042946585,0.14737451988743136,38.20347275437134,320.09179999295156
indoor,its,1418_9.png,10.5960928274132,15.647862113761693,0.6609846528449747,0.723025797878456,0.25083663339108436,0.146266520914116,41.68853125415614,315.5190999968909
indoor,its,1419_1.png,16.09580784632666,14.620859116639531,0.8379933775071713,0.7205698590651601,0.13156295318501407,0.1443663064103622,-9.731730659899359,323.35560000501573
indoor,its,1419_10.png,10.248840825669987,14.939094149087659,0.6621440550891154,0.6806852652607266,0.2642157504422994,0.1554660185719917,41.159441695779144,315.62479998683557
indoor,its,1419_2.png,15.009652008458234,14.625402025743162,0.8153077789296294,0.7072300141469766,0.14957503047970003,0.14821935758875782,0.9063496734444808,324.02640000509564
indoor,its,1419_3.png,14.097083668823469,14.632797068988445,0.7934433958122495,0.696210466636054,0.16665131681471093,0.1515533967677768,9.059585864396123,319.83300000138115
indoor,its,1419_4.png,13.318576281772621,14.647866091875025,0.7724935027630262,0.6872685138350837,0.18282286481680096,0.15417759352455335,15.668319033355003,319.61029999365564
indoor,its,1419_5.png,12.641647687232211,14.672621326752628,0.7522939626515778,0.6805707962080008,0.19819893389800988,0.15602157412754722,21.2803150919747,316.752800004906
indoor,its,1419_6.png,12.047870287518789,14.71111589381054,0.7328321208724909,0.6766917617760817,0.21277870821072703,0.1570827718651743,26.175520190131905,325.9784999972908
indoor,its,1419_7.png,11.522337420360063,14.76124398405746,0.7140893471837475,0.6752009620706971,0.2266160061967751,0.1574176543922852,30.53550802181768,315.2741999947466
indoor,its,1419_8.png,11.052277382943007,14.825768988873433,0.6961357714288385,0.6757856226221005,0.23982042644079601,0.15692669288379213,34.56491647969613,318.7072000000626
indoor,its,1419_9.png,10.630564332594696,14.885538685551882,0.6788392055067312,0.6776872885496656,0.2523180018150318,0.156259288287545,38.070493991489236,323.6094000021694
indoor,its,1420_1.png,12.597653018659454,15.54033034514481,0.7509934586795074,0.6967069946579484,0.20962793223881418,0.13808850571551667,34.126856257453376,320.2917000016896
indoor,its,1420_10.png,7.294649661275162,16.699196608720403,0.5350476075301875,0.7363974145429538,0.3876883003785899,0.12043183547378747,68.9359100468668,320.5673999909777
indoor,its,1420_2.png,11.57281237357331,15.576830332163267,0.7211142363047957,0.6920816129903492,0.23601999284987488,0.14044606238942517,40.49399597763812,318.00110000767745
indoor,its,1420_3.png,10.721922886383261,15.637924983192253,0.6930022549915432,0.6904520867625666,0.26046578481790095,0.1416627432646738,45.61176320149283,322.44530000025406
indoor,its,1420_4.png,10.00398867097903,15.732086814917675,0.6664524758146247,0.6913703180344184,0.28307653383934217,0.14149678702710633,50.0146514762411,319.2626000090968
indoor,its,1420_5.png,9.388728122832164,15.873965953036166,0.641290487409321,0.6950904214050966,0.3040016316952213,0.13975886661349907,54.02693359346553,322.25569999718573
indoor,its,1420_6.png,8.855686151148717,16.060385234471507,0.6174758033495279,0.7014167481864169,0.3233970611152362,0.13646455187965792,57.80278361549185,322.1517999918433
indoor,its,1420_7.png,8.390154280567671,16.284874492904827,0.5949853656836023,0.7102341029135298,0.3413497098699228,0.13192989668985874,61.35051561192641,324.24259999243077
indoor,its,1420_8.png,7.9802880976925366,16.504952961797706,0.5737693628683637,0.7200884605275175,0.35799296446021134,0.1271159924465345,64.49203992391124,328.68570000573527
indoor,its,1420_9.png,7.617453643406675,16.67013255558401,0.5537881762620499,0.7295190636959511,0.3734068512865642,0.12292133028994674,67.08112436219724,402.31189999030903
indoor,its,1421_1.png,16.705661481509583,20.576970534517827,0.8228087554806981,0.8269725359986384,0.13213976202916886,0.07233560212303716,45.2582587269262,406.88460000092164
indoor,its,1421_10.png,10.398933884086984,15.690440820542122,0.676838902288638,0.6982163555964526,0.27708306520364107,0.136588964056871,50.70468524413284,402.17770000163
indoor,its,1421_2.png,15.559849794132393,19.8681348671095,0.8029375055822903,0.8073466557894488,0.15106704617330802,0.07919030791372184,47.57935984211365,423.4810999914771
indoor,its,1421_3.png,14.590851556780926,19.156724015794918,0.7842874909591316,0.7893216613781169,0.16920441107719383,0.08686553639688693,48.662366004457155,418.39530000288505
indoor,its,1421_4.png,13.756782888938544,18.488195429879365,0.7666659757030393,0.7729183517191087,0.18658020057017663,0.09482758573275032,49.1759627438711,1108.362600003602
indoor,its,1421_5.png,13.027360997683026,17.877707073659746,0.7499065514670417,0.7577241365138564,0.20326676841844732,0.10278639917865229,49.43275532853922,671.0795999970287
indoor,its,1421_6.png,12.382989664401228,17.331294773274287,0.733989070119458,0.7437651586915935,0.2192612454051279,0.11047385620915035,49.61541837155482,1282.0071000023745
indoor,its,1421_7.png,11.808050029864479,16.839155574176424,0.7187442681229524,0.7308007704896339,0.23462312882142106,0.11784283016619457,49.7735642110353,704.0623999928357
indoor,its,1421_8.png,11.291050199270638,16.404872455743035,0.7041853278761935,0.7191495310755225,0.24936566473246616,0.12466574540054451,50.00685016721202,387.1369000116829
indoor,its,1421_9.png,10.824171730265208,16.025561670194396,0.6902219193409493,0.7082288712160171,0.2634990328997424,0.13086817185967423,50.334475442680194,438.8448999961838
indoor,its,1422_1.png,14.543139534700394,19.542734851600642,0.6665973249895103,0.7230203286479221,0.17386340969300298,0.08434669398381138,51.48680261049423,469.72560000722297
indoor,its,1422_10.png,8.49780531882953,14.002475274458522,0.5263630197070076,0.5962551545147038,0.354052200496842,0.17554919836097135,50.41714098758969,525.6053000048269
indoor,its,1422_2.png,13.43021536909503,18.277834472083534,0.6454969625000411,0.6991489316399355,0.19805431803389892,0.09898089633235249,50.023356058439205,333.6842999997316
indoor,its,1422_3.png,12.493457346475203,17.263540534489707,0.626371400965393,0.6798733953749133,0.22105291550935474,0.11293588262794599,48.910021268564186,2352.5764000078198
indoor,its,1422_4.png,11.690286048224895,16.452448775086893,0.6088248345274312,0.6632681101453598,0.24292303073637123,0.1258462998102467,48.194988244519955,462.31519999855664
indoor,its,1422_5.png,10.990686404253271,15.815815399836715,0.5926227822399531,0.6487535530133476,0.26377133808174974,0.13724960811814207,47.966441724517864,489.936600002693
indoor,its,1422_6.png,10.37498740962591,15.300070303163286,0.5775824845930019,0.6357960235272057,0.2836105519346589,0.14723641247055158,48.08500026720676,413.4851999988314
indoor,its,1422_7.png,9.82851616976072,14.879054870520772,0.563519611206968,0.624236796894239,0.30251093144130026,0.15589519108251063,48.466260314501454,465.47160000773147
indoor,its,1422_8.png,9.338818258344283,14.530994374045749,0.5503643335920718,0.6141373078534959,0.32052604753916525,0.16344333067495348,49.0077836635849,2014.7002000012435
indoor,its,1422_9.png,8.897777879216108,14.24528300957454,0.5380212592431486,0.604902146216404,0.3376794360567977,0.16988690427082476,49.68988599849522,556.1391000082949
indoor,its,1423_1.png,12.525850650833215,17.09320160988564,0.6164550293664753,0.6814645191325147,0.2193800474841643,0.1153831321214788,47.40490842937827,427.2670000063954
indoor,its,1423_10.png,6.901365269234593,12.538535160244367,0.4591555103044203,0.5437707639536985,0.4278494302816966,0.21585438495173664,49.54898274271018,421.7525999993086
indoor,its,1423_2.png,11.465161347117794,15.996582304896203,0.5913697877715335,0.6574544252120524,0.24854602205538598,0.13511252738589594,45.63882743628454,399.0278999990551
indoor,its,1423_3.png,10.579001929960828,15.13806243296903,0.5689867520699056,0.6369899870591063,0.27596291560102304,0.1522640000366673,44.824468828539324,382.44030000350904
indoor,its,1423_4.png,9.82461588907296,14.454259197473196,0.5488304080561102,0.619045393202781,0.30175564447377834,0.16697278369038124,44.66622539963351,425.29789998661727
indoor,its,1423_5.png,9.172988678771377,13.920980054271164,0.5305105038963888,0.6032993507026226,0.32603670855906647,0.17923885542997003,45.02494497487153,446.29380000696983
indoor,its,1423_6.png,8.604510663403314,13.49730199700601,0.5138153880346894,0.5890629559080535,0.3488774395218583,0.18963122771315166,45.64531528963994,441.73780000710394
indoor,its,1423_7.png,8.103078254227182,13.158761379945876,0.4984835437179,0.5760915000816355,0.3704045824968603,0.19843783057870182,46.42673319975539,436.30829999165144
indoor,its,1423_8.png,7.657711559984978,12.89681368733512,0.484331068739633,0.5644158390770628,0.39068904747499744,0.20556617074132133,47.383686128840004,407.2961000056239
indoor,its,1423_9.png,7.259748187313003,12.694410842017337,0.47127837548889495,0.5537305803070386,0.4097984077221351,0.21128208160309472,48.44243353170897,492.24730000423733
indoor,its,1424_1.png,15.008803296734246,19.251410676925303,0.775601530831878,0.7835494929498359,0.16402486043505762,0.08544264774633557,47.90871803787531,544.0576999972109
indoor,its,1424_10.png,9.133373132462179,14.061203281716477,0.6041841655085528,0.6436234826923143,0.32803380267488014,0.17206911787622947,47.545307456835225,742.4150000006193
indoor,its,1424_2.png,13.917873825953276,18.297640760367546,0.7513863537383235,0.7587413672010159,0.18641282805782433,0.09792836124632182,47.46693829319582,1895.709899996291
indoor,its,1424_3.png,13.002131325738697,17.42625808581803,0.7288044162543192,0.7361627679594336,0.2075953900026584,0.11059478499207069,46.72579691522334,1221.741799992742
indoor,its,1424_4.png,12.218916583925896,16.659470354077158,0.7076373501465953,0.7154136511994155,0.22765102805965767,0.12271960509308913,46.09310102907173,1895.8588000095915
indoor,its,1424_5.png,11.538847122206109,16.003502852207276,0.6877871927921925,0.6966235511365806,0.24667310177928115,0.1338394567738269,45.742174407081656,605.8352999971248
indoor,its,1424_6.png,10.942196080500652,15.457993252085052,0.6690663743829522,0.6806401400901244,0.2646990438999349,0.1437255314468003,45.7022836579033,254.41310000314843
indoor,its,1424_7.png,10.413701287006024,15.006773267676332,0.6514122763260305,0.6671672614841274,0.28178834254599455,0.15239825280275737,45.917472661371846,253.12169999233447
indoor,its,1424_8.png,9.941394365138702,14.628729466912418,0.6347650602396145,0.6564332531012095,0.29802027702151457,0.16004744749699787,46.29645548746023,246.19050000910647
indoor,its,1424_9.png,9.51701837539005,14.31555368988655,0.6190313040598622,0.6486619865415343,0.3134123926335377,0.166624503845484,46.83537969608935,256.9336000015028
indoor,its,1425_1.png,12.242963685470142,16.272255229575855,0.6860158793563299,0.6972286389525681,0.21162572303348642,0.1285585714416669,39.251914406210446,261.2476000067545
indoor,its,1425_10.png,6.863064962716737,14.514866735027942,0.4967977292653611,0.6288673554110052,0.3999067779519475,0.16194220315522187,59.505010158847135,225.80139999627136
indoor,its,1425_2.png,11.21053342759404,15.891844819733025,0.6582550827702217,0.682961468256461,0.23885619540008618,0.13504202990218994,43.463038912473145,212.96580000489485
indoor,its,1425_3.png,10.351806923462615,15.577997496190354,0.6328275486112855,0.6708659450450715,0.2642285519163252,0.14079318721410958,46.715375433676485,269.1264999884879
indoor,its,1425_4.png,9.625505068065166,15.309341692075618,0.6094120013158971,0.6595234443323633,0.28786919854430787,0.14584492020277023,49.336391015810136,243.79020000924356
indoor,its,1425_5.png,9.001502167596604,15.077545159353969,0.5875378333344741,0.649011256238356,0.309914015161932,0.15026208875321986,51.51490847350101,214.37420000438578
indoor,its,1425_6.png,8.460215691992046,14.900592939264444,0.5670954080238793,0.6398872802549137,0.33046731567802434,0.1536709200744346,53.49890348186591,213.91310000035446
indoor,its,1425_7.png,7.98571212414763,14.786010102826486,0.5479376651928359,0.6332328463203911,0.34965529063425277,0.15593690014575257,55.40267518813735,234.1454999987036
indoor,its,1425_8.png,7.567141694589684,14.713649271058394,0.529847850571547,0.6296173997976591,0.36755856685825333,0.15744602572211677,57.16436899176621,212.6256000046851
indoor,its,1425_9.png,7.195259648194429,14.643016870514852,0.5128401186174664,0.6289276855546144,0.384272318932248,0.1590928187076607,58.59893707420428,219.96400000352878
indoor,its,1426_1.png,14.123558398184395,15.817682086413177,0.6990517829097166,0.6573953307101145,0.17403270723904335,0.13113693406301277,24.64810861805422,257.3659000045154
indoor,its,1426_10.png,8.218602503895498,14.015776608451116,0.5383928976721775,0.5731378855541905,0.35106415403936236,0.1698636251134395,51.614646975362064,221.35759999218863
indoor,its,1426_2.png,13.027867593879463,15.48710407033536,0.67593610035191,0.6460442641521683,0.19799840497208704,0.13837931872141096,30.11089066499897,214.14850000292063
indoor,its,1426_3.png,12.107523015876854,15.190899486116763,0.6546730145468029,0.6340875403091397,0.2207321178120617,0.14467386720934283,34.45726336108048,216.54920000582933
indoor,its,1426_4.png,11.319377776250299,14.933363820495755,0.634893038139878,0.622453302245101,0.24232621529210097,0.15007854137447404,38.06755699117222,211.0442000121111
indoor,its,1426_5.png,10.63571823512544,14.709065990225916,0.6164134733599068,0.6116605671194558,0.26283454793792227,0.15477527523398327,41.11303838875748,215.36420000484213
indoor,its,1426_6.png,10.036037850894397,14.515821740635928,0.5990516472261237,0.602079147351842,0.2823051820073518,0.15886159007782638,43.72700021978721,211.4075999998022
indoor,its,1426_7.png,9.50492063212512,14.353767581602046,0.582662623294146,0.5934321805184458,0.30080582826866137,0.1623198718477573,46.038320671561195,217.50840000458993
indoor,its,1426_8.png,9.03035344537599,14.213319385534678,0.5671368464739647,0.585633009835881,0.31840874423635745,0.16535684166139572,48.06774328238163,277.9660999949556
indoor,its,1426_9.png,8.604210752209685,14.104833461308282,0.5524562675129251,0.5791206410471507,0.3351292797623958,0.16779128051407566,49.93237068802955,257.1402999892598
indoor,its,1427_1.png,18.377189262254962,16.210269085371646,0.7857457133418287,0.6686374234946916,0.1069130572285015,0.12140870756904913,-13.558352328968912,285.4162000003271
indoor,its,1427_10.png,11.799446961629233,14.931117184772152,0.6690690583621027,0.5905122618909917,0.23352075369652303,0.1579929552933843,32.34307613917044,245.30070000037085
indoor,its,1427_2.png,17.200206018184698,16.12030765429707,0.7688572173207372,0.6577918883417315,0.12281092502452126,0.12483374125713867,-1.6470978192727863,277.1281000023009
indoor,its,1427_3.png,16.200336641517296,15.989383267651263,0.753362992524325,0.6473502111007701,0.13820942074819642,0.12900027042139903,6.663185194341429,298.1327000015881
indoor,its,1427_4.png,15.336397590753712,15.835434755468846,0.7390350125389601,0.6374295879802151,0.15310154552704672,0.13346234725774367,12.827562856364066,265.29840000148397
indoor,its,1427_5.png,14.576847413217566,15.674996685568408,0.7256661857971812,0.6281683143744309,0.16755227841487227,0.13794686907020873,17.669355414208542,231.1135999916587
indoor,its,1427_6.png,13.9016473231347,15.505218422050788,0.713098018511054,0.6191388475892393,0.18158211643703767,0.1425468470698237,21.49730820601948,255.33260000520386
indoor,its,1427_7.png,13.297223458071239,15.346996565291613,0.7012035249578944,0.6109766008708856,0.1951575915078514,0.1468721594294567,24.741763428800965,214.4317000056617
indoor,its,1427_8.png,12.75050175468097,15.194396857480223,0.6899679677167775,0.603379465925014,0.20835061738580424,0.15096471229913191,27.542948061495615,233.13509998843074
indoor,its,1427_9.png,12.255041546350132,15.057484720023435,0.6792923192861271,0.5965784943347182,0.22108779986983104,0.15463743823850248,30.056094757305825,250.81719999434426
indoor,its,1428_1.png,14.542365942168061,14.854679087256704,0.7421487169658478,0.6533134112547211,0.15776526047539163,0.13788150042625744,12.603382220446093,258.66880000103265
indoor,its,1428_10.png,8.692179020360765,13.896295903175172,0.5924107400038013,0.5776780842084497,0.3180593872892775,0.17119959390956008,46.17370045700845,252.02870000794064
indoor,its,1428_2.png,13.453201076726364,14.691194078330835,0.7208785203553996,0.642207425019929,0.17946180183153204,0.14300246587648616,20.31592993682228,257.16670000110753
indoor,its,1428_3.png,12.538761284320653,14.5390935405838,0.7012327260215047,0.6319364505637579,0.20005308509565584,0.14786387261777081,26.087680599458174,251.80709999403916
indoor,its,1428_4.png,11.757338211090628,14.398056129387367,0.6829194718092673,0.6216589278524819,0.21959499582909367,0.15250916682708615,30.54979722727349,253.46550000540446
indoor,its,1428_5.png,11.079166714415214,14.268310594538466,0.6656873818566655,0.6117771971629669,0.23816794543904518,0.15687266360494642,34.13359353244515,260.0631999957841
indoor,its,1428_6.png,10.48634858764106,14.152749592694098,0.6494885533082496,0.6025079227442472,0.2557856749993125,0.1608487473530787,37.115809528781476,252.48910000664182
indoor,its,1428_7.png,9.960668600297986,14.057466754562649,0.6341230779339923,0.5944622114356329,0.27254924877852027,0.16428986423929084,39.721034290980576,254.16419999965
indoor,its,1428_8.png,9.491980540702615,13.982689533458855,0.6195197664288726,0.5874612283585986,0.2884907644217107,0.16715094555821394,42.06020768141595,259.4270000117831
indoor,its,1428_9.png,9.07182574956493,13.92884223043608,0.6056430793572253,0.5818737947635033,0.3036309802088203,0.16945002704213988,44.192113945417205,250.67629999830388
indoor,its,1429_1.png,12.023001410902044,15.741710828370907,0.6108233902106304,0.6381164591507199,0.21800313505486346,0.13337669700886431,38.818906958751334,258.1499999942025
indoor,its,1429_10.png,6.60700312560587,13.650981488765893,0.44158826971854936,0.5416542641514385,0.41719209086159004,0.18433572129178927,55.81514345283697,248.78610001178458
indoor,its,1429_2.png,10.987733937127306,15.272811994505078,0.5847506761711875,0.6210202322431809,0.24638863680114406,0.14304688832054563,41.94257723408975,252.26439999823924
indoor,its,1429_3.png,10.126273045324401,14.883447403022315,0.5613158577180112,0.6062513638054701,0.2729305292009277,0.1516360540476125,44.44151816371853,240.6009999976959
indoor,its,1429_4.png,9.396435692465818,14.541481474256035,0.5400343610538237,0.592793630993875,0.2977442913584321,0.15943696431354215,46.45171256473255,219.46909998951014
indoor,its,1429_5.png,8.768154864858358,14.256881885934149,0.5204588836912366,0.580011355206482,0.3210284996654108,0.1662036914812676,48.227744117028124,229.90350000327453
indoor,its,1429_6.png,8.223140559422216,14.03291393871952,0.5024153551629856,0.5682144186930574,0.3427984077221351,0.17185867502681296,49.86596316027402,240.21480001101736
indoor,its,1429_7.png,7.744337767308972,13.891362832211973,0.4856102665435302,0.5584301201117152,0.36322528852588254,0.1759476115832027,51.55964568071926,226.66580000077374
indoor,its,1429_8.png,7.320997770861927,13.801732286244775,0.4699653664239123,0.5508420292602609,0.38237889704736505,0.1789833072078761,53.19215733160052,238.807400004589
indoor,its,1429_9.png,6.9445785102068065,13.743372867159835,0.4553044454166571,0.545612316367008,0.400314298416889,0.18135199699328072,54.697595569224575,235.0700999959372
indoor,its,1430_1.png,13.546656883299438,18.3777642653005,0.5476145329205468,0.5812501011237527,0.2043051728405247,0.10665943862350927,47.79405635207755,238.6792999895988
indoor,its,1430_10.png,7.4456667283073,14.801710588828335,0.3957299624778044,0.4854409522163085,0.41519027124641356,0.15982847033156414,61.50476358652849,265.3361999982735
indoor,its,1430_2.png,12.425926596301203,17.3108888428926,0.5233095272067648,0.5530796162740849,0.23267356012063545,0.12109136576556756,47.95654027108249,255.64449999365024
indoor,its,1430_3.png,11.480778450034062,16.55832138533009,0.501644362001299,0.5327535565957383,0.2596596494605322,0.13210946108223562,49.122065646737084,262.51570000022184
indoor,its,1430_4.png,10.669207041623594,16.05897005133159,0.48214611005356517,0.5184871213438446,0.2853323295657674,0.13978072949609952,51.01125245430481,261.86430000234395
indoor,its,1430_5.png,9.96440344270266,15.727671529432195,0.4644740622567894,0.5084650177218368,0.30969648635517794,0.14498791353848692,53.18386702954291,237.87219999940135
indoor,its,1430_6.png,9.341136023635784,15.491501221823729,0.4483184231827117,0.50133519423397,0.3329783387875954,0.14868191110011092,55.34787122301634,217.17879999778233
indoor,its,1430_7.png,8.78960906247149,15.304431780809205,0.4335620686175239,0.4955742302142576,0.3550503671314248,0.15159765420894866,57.30249171011764,227.1957999910228
indoor,its,1430_8.png,8.294989319378008,15.142432289610532,0.4199180017108623,0.4913113341309126,0.3760934695523839,0.15412634179431473,59.01913748205588,235.64250000345055
indoor,its,1430_9.png,7.849604873920938,14.976838429338562,0.4073679603381561,0.4881523481336269,0.39611056568489944,0.15680914207665303,60.41278327256968,253.34869998914655
indoor,its,1431_1.png,13.912049632965166,17.70986904439207,0.6448392442691151,0.6858532490953754,0.17556924162839516,0.10785974754558207,38.565690435432884,243.71870000322815
indoor,its,1431_10.png,8.007325423891139,14.355598023372625,0.47233530696882814,0.5599953690711534,0.3524808046640816,0.16838318253902776,52.22911842748125,251.5280000079656
indoor,its,1431_2.png,12.81590429399499,16.919199711388835,0.616845065753776,0.6669934031606376,0.19960683936968893,0.11929641852065744,40.23430112876024,245.4855999967549
indoor,its,1431_3.png,11.894561451671384,16.29076388867971,0.5921331852750837,0.6478256203158012,0.2224158897780711,0.12926894095646677,41.8796268227889,226.74459998961538
indoor,its,1431_4.png,11.106973047624916,15.797581658449516,0.5699824413331877,0.6289952360554043,0.24399747453913778,0.13795120956283402,43.46203206832392,234.67059999529738
indoor,its,1431_5.png,10.422941937022554,15.407812909003454,0.5499883609431252,0.6122665989165383,0.2645008020973701,0.14530838123000486,45.063158756384915,256.1852000071667
indoor,its,1431_6.png,9.8231818785668,15.10282821335788,0.531818033177026,0.5979867405284836,0.2840792563869867,0.15115125723033487,46.79257337125435,226.46779999195132
indoor,its,1431_7.png,9.292045402052128,14.852753473970912,0.5151686319385379,0.5857824047981118,0.3025511142278323,0.15637076607173958,48.31591636923268,243.7251999945147
indoor,its,1431_8.png,8.817357668295788,14.634759774923584,0.49978914850036776,0.574914249126905,0.3200721429291679,0.16126907845887303,49.614770612499385,228.75680000288412
indoor,its,1431_9.png,8.392425604942659,14.47507892683291,0.4855453085922293,0.56639417537425,0.33665777942780667,0.1652222497227035,50.92278720075956,229.66310000629164
indoor,its,1432_1.png,17.212999919364755,21.400253602948887,0.7004397828084336,0.6775940202837144,0.12346781527010056,0.06871676796010596,44.34438461212074,226.41559998737648
indoor,its,1432_10.png,10.823817386151637,16.76873153606682,0.524582399775746,0.5805887493886378,0.2639676915179349,0.12074005170090477,54.2595321296529,236.12299999513198
indoor,its,1432_2.png,16.061202258189105,20.762769141819337,0.6736937055353683,0.6664854680801889,0.14144237732493653,0.07535968337779243,46.720573087706654,239.01750000368338
indoor,its,1432_3.png,15.08510245857087,20.112294925769515,0.6495673013854026,0.6536395885772505,0.15873984544729536,0.08190366581415175,48.40383621153963,245.73399999644607
indoor,its,1432_4.png,14.242721565480226,19.486207408913188,0.6275242055918685,0.642412236571141,0.17539860572560018,0.08818008231810723,49.72589039353692,237.17560000659432
indoor,its,1432_5.png,13.505351854229835,18.907130012694584,0.6070881331675216,0.6311755917662293,0.1914856997497456,0.09424139464107288,50.7841056315702,234.69849998946302
indoor,its,1432_6.png,12.850082310388037,18.37642557460104,0.5880994981701096,0.6200813806169779,0.20706799952332502,0.10015617981648012,51.631258712032924,224.8202000046149
indoor,its,1432_7.png,12.264967985748978,17.898993176399152,0.5705700166450814,0.6092960022143449,0.22207586007755137,0.10582485401827865,52.34742793923382,245.4221000079997
indoor,its,1432_8.png,11.738604095443879,17.474445424576363,0.5542684801826552,0.5989838380556793,0.23649781371173995,0.11116313285482496,52.996124399724565,254.24029999703635
indoor,its,1432_9.png,11.260396146199803,17.099381330521762,0.5389389056884418,0.5890378624475371,0.25046323643997104,0.11616790418832329,53.6187780684359,245.08399999467656
indoor,its,1433_1.png,16.148148943098807,19.19214078849781,0.7205249996284881,0.7139473087013721,0.14106801327356563,0.08885264325459029,37.0143203309207,266.11440000124276
indoor,its,1433_10.png,9.918421023623909,15.55592996505123,0.5421994815997823,0.5881470144293592,0.29391610519850764,0.1435582460193053,51.15672513487473,236.9639999960782
indoor,its,1433_2.png,15.013458924329036,18.580326843285754,0.6940921918316958,0.6932677481155505,0.16111176653924777,0.0979206794452236,39.22189206239089,245.28199998894706
indoor,its,1433_3.png,14.05409083963437,18.0011563778255,0.6699093219249764,0.673202189880409,0.18030540201120185,0.10652703297307702,40.91855492032663,232.01029999472667
indoor,its,1433_4.png,13.22911589301222,17.480082962885454,0.6475907954645619,0.6551288579723775,0.19867112632804407,0.11439956824244424,42.41761518213263,215.6366999988677
indoor,its,1433_5.png,12.509780519661337,17.022339698188397,0.6269281712878135,0.6394833049201417,0.2162424304925336,0.12147280660744895,43.82563555480999,224.18910000124015
indoor,its,1433_6.png,11.872955584434335,16.626970598777692,0.6076378112962906,0.6255856475545629,0.23313496319518925,0.12765971362832185,45.24213940160733,215.86759999627247
indoor,its,1433_7.png,11.306594329115958,16.292923009285303,0.5896713650672318,0.6139365050535776,0.24928776961930163,0.13292650496383684,46.67748448526647,235.1518999930704
indoor,its,1433_8.png,10.797155454210303,16.006132792300324,0.5728281776581926,0.6038182578132616,0.2647887917205218,0.13729489682736115,48.14927748633696,236.96159999235533
indoor,its,1433_9.png,10.337924335513566,15.765569087706774,0.5570397957119065,0.595349979069171,0.27962207921971965,0.14080664411627203,49.64394461496571,231.349699999555
indoor,its,1434_1.png,15.702519527144718,19.67414036219572,0.8738750017674971,0.8717162700974795,0.1475850498217052,0.08261241738397089,44.023854796838215,212.32099999906495
indoor,its,1434_10.png,9.868634250099342,15.25150201260251,0.7339791025170607,0.7818321831301299,0.2922353766190908,0.13955675640990384,52.24508297080165,246.9278999924427
indoor,its,1434_2.png,14.61527210714668,19.141563563274808,0.8550683999889134,0.8596210659685773,0.16753822566894921,0.0874148768436781,47.8239182269966,220.56390000216197
indoor,its,1434_3.png,13.702535585247011,18.570397463522724,0.8370340365976386,0.8480280266581026,0.1863903280807414,0.09324858601692197,49.97133597315108,223.10069999366533
indoor,its,1434_4.png,12.92367334426694,17.989818800436062,0.8198749381125854,0.8370490107978444,0.20416192283364962,0.09982480360072969,51.10508006305633,221.3354999985313
indoor,its,1434_5.png,12.248019817825694,17.42267543641893,0.8035434503411025,0.8264841779970888,0.22097355828727003,0.10677984031387217,51.67754625971545,229.0869999997085
indoor,its,1434_6.png,11.655708676590855,16.886289442862445,0.7880647934847843,0.8163043710389971,0.23687187984123056,0.11382500985433912,51.94659023042656,228.08010000153445
indoor,its,1434_7.png,11.132412907489464,16.401143107445282,0.7733788170345871,0.8069054813085121,0.2518725444361943,0.12079726186874937,52.04031970091033,229.29770000337157
indoor,its,1434_8.png,10.665225352809703,15.969372995234183,0.7594630378278101,0.7980049751116906,0.2660829093675806,0.12748970565318227,52.08647140665899,218.04140000313055
indoor,its,1434_9.png,10.246738579867586,15.58557001891071,0.746372497579901,0.7897381201037179,0.279506439696028,0.13381189670819238,52.12564616891059,231.89490000368096
indoor,its,1435_1.png,14.998826310510765,17.72763939186586,0.8223891647638094,0.8073774242206094,0.1320446424479095,0.1090328080741413,17.42731261521263,239.4447999977274
indoor,its,1435_10.png,9.455299208677886,14.868164013048197,0.6819056740621964,0.752185496522443,0.25229767895938177,0.14132553236348303,43.98460685613514,226.37249999388587
indoor,its,1435_2.png,13.94497142405562,17.10453873308392,0.8030592726505262,0.796119162611357,0.14921667170842157,0.11418159942798999,23.479326761127307,243.68519999552518
indoor,its,1435_3.png,13.065751883617416,16.56036661576542,0.7848766993375906,0.7867537207625744,0.16529395264417127,0.11911355407052955,27.938345620677254,229.42120001243893
indoor,its,1435_4.png,12.319291390801677,16.11353634337577,0.767681869562881,0.7786519699611976,0.18041814940094786,0.12332388691802106,31.645518761803114,240.89180000009947
indoor,its,1435_5.png,11.675952454453146,15.740849913439822,0.751378180418994,0.7719750149513224,0.19451006517614056,0.12734927444563615,34.528180953961524,235.67520000506192
indoor,its,1435_6.png,11.116469647745664,15.43341603571558,0.7359264239217972,0.7660140570236303,0.2076215521271622,0.13120718862580094,36.80463759084891,227.36889999941923
indoor,its,1435_7.png,10.625174662915063,15.19757807942866,0.7213307709702246,0.7609824892594647,0.2198835537955247,0.1347398866980172,38.7221607780947,243.71989999781363
indoor,its,1435_8.png,10.189867081863504,15.021984618746538,0.707443004243791,0.7567170424395565,0.23139316063031104,0.1378707202376042,40.41711349472991,222.85209999245126
indoor,its,1435_9.png,9.80245842074738,14.923249014748514,0.694300317499677,0.7539274651118616,0.24219112834474604,0.13986713600821346,42.249271808979195,225.4525000025751
indoor,its,1436_1.png,19.65205832098154,18.013681793050594,0.9133800933814551,0.8645956594658125,0.08345956054230949,0.10886151215979611,-30.436235715602212,225.81659999559633
indoor,its,1436_10.png,13.436450380842302,18.485083590456615,0.8228222291522828,0.839287591202852,0.17284486978522123,0.09555033046411646,44.719021713082704,220.79410000878852
indoor,its,1436_2.png,18.520407052219888,18.32974428770718,0.9018640210169826,0.8634783406180592,0.09524674348467765,0.10499607659800712,-10.235869209860098,217.59010000096168
indoor,its,1436_3.png,17.56388806929035,18.578612772416644,0.8907905532455235,0.8608315359942046,0.10652221580544326,0.10198280761579993,4.2614657695327285,222.73090000089724
indoor,its,1436_4.png,16.741325570117095,18.76012949883989,0.8800778952055465,0.8576027545298682,0.11727331811640036,0.09952590545334544,15.133375122977338,220.60109999438282
indoor,its,1436_5.png,16.023018961394257,18.865479755827447,0.8697022287360582,0.8543395249202271,0.12756568489948575,0.09755161840332205,23.52832124640799,245.36099999386352
indoor,its,1436_6.png,15.388261289630494,18.899182907123542,0.8597137574323419,0.8511885719130635,0.13741047676667675,0.09600807139124934,30.130455360171144,213.14379999239463
indoor,its,1436_7.png,14.82281039691486,18.86787922008216,0.8500428946199318,0.8480797521722404,0.14684683148621766,0.09504169989641488,35.278342431808426,226.1108999955468
indoor,its,1436_8.png,14.31465948784443,18.777368050069235,0.8406561126755859,0.8450560119674512,0.1558897414038079,0.09472036135632374,39.238872021185344,216.93840000079945
indoor,its,1436_9.png,13.85491349219572,18.645776351463002,0.8316294039470474,0.8422994407970322,0.164538949848289,0.09492597787127942,42.30789597867601,225.6173000059789
indoor,its,1437_1.png,13.228825341911634,17.524744765267624,0.7570286778647017,0.7621659252210827,0.19772156679408553,0.1137029581351007,42.49339400448181,225.58340000978205
indoor,its,1437_10.png,7.620902383374311,15.967985375933234,0.5740525415671579,0.7192449445344731,0.3811012796890612,0.1315512517302386,65.48128665805076,214.51900000101887
indoor,its,1437_2.png,12.168461955444505,17.147955645164103,0.729917998230496,0.7499029738446517,0.22369733887009688,0.11938808679151885,46.62963267354204,218.72790000634268
indoor,its,1437_3.png,11.282205509615107,16.834577183275638,0.7049603096337944,0.7395902417570248,0.2480500600427174,0.12414415752275665,49.95197239759802,214.58030000212602
indoor,its,1437_4.png,10.528839938687176,16.627181605589417,0.6819575839430292,0.7314237076365563,0.271050234212432,0.12684284849984875,53.203193426958386,225.38869999698363
indoor,its,1437_5.png,9.878817711675635,16.444902653733962,0.6605638164293411,0.7246482194571978,0.29243739057100165,0.12930017691976275,55.785345285077646,226.796100003412
indoor,its,1437_6.png,9.312312610423472,16.306577664812952,0.6407052612834329,0.7201828444688573,0.3124817717643392,0.13085578747628085,58.12370348842709,243.53039999550674
indoor,its,1437_7.png,8.813187303768569,16.21364716607079,0.6222381952197514,0.7181284373551792,0.33130851873241113,0.13134921486126006,60.35440881531087,232.0493000006536
indoor,its,1437_8.png,8.370104063858339,16.142359986034112,0.6050193178347479,0.71793594385622,0.34897865504312986,0.1313184555729725,62.37063215404787,234.14400000183377
indoor,its,1437_9.png,7.975284718280694,16.073572199116747,0.5890146244406882,0.7187357109263397,0.3655581772681022,0.13110430474199966,64.1358559845776,247.68079999194015
indoor,its,1438_1.png,16.377105395237624,17.140752390182744,0.7495773347988425,0.7305529063619348,0.11413240565043221,0.12407229418181484,-8.709084509195687,225.11889999441337
indoor,its,1438_10.png,10.207115015919177,13.578677409057676,0.6425173783355285,0.6561087467167233,0.2380851964909386,0.18772741064635298,21.151161211060884,227.2616999980528
indoor,its,1438_2.png,15.250754789701034,16.548243242640467,0.732836904259139,0.7168167381747979,0.1303678281036585,0.13389653402267873,-2.7067304101602776,221.31310000258964
indoor,its,1438_3.png,14.300033194277882,16.018624358882537,0.7179567339372461,0.7052437985396837,0.14591549102109286,0.1429811850874057,2.0109624496049836,240.5546000081813
indoor,its,1438_4.png,13.48223688036543,15.542799489205091,0.7045428419322407,0.6951431304771581,0.16084618980832163,0.15129416348119426,5.938608645097243,240.5464000039501
indoor,its,1438_5.png,12.769128388703908,15.103930911875821,0.6922839646750759,0.6862738805869721,0.17510282429942525,0.15922049427531648,9.070287233015337,243.87739998928737
indoor,its,1438_6.png,12.139221366971896,14.718341624576372,0.6809533765413631,0.6785113559713004,0.18878150409298827,0.1663451952075828,11.884801853190979,224.93019999819808
indoor,its,1438_7.png,11.578915967647765,14.37878639536729,0.670452895975072,0.6716659265385371,0.2018798733144497,0.1726704158989449,14.468731077087016,230.17710000567604
indoor,its,1438_8.png,11.075380702220992,14.08410205534042,0.6605696493417271,0.6658073178652096,0.21445029746353897,0.17813544903702483,16.933922294650205,223.25979999732226
indoor,its,1438_9.png,10.620626699834903,13.81843306975162,0.6513025403003004,0.6606576549453512,0.22651124311342113,0.18324129380597493,19.102781302339807,237.17150000447873
indoor,its,1439_1.png,17.11885005053251,15.36525402333182,0.8891972862088574,0.7936133486842246,0.11499537075232151,0.12930140069117876,-12.44052573700309,216.0345000011148
indoor,its,1439_10.png,11.12848530494132,15.301558550013539,0.756408415271543,0.7440093769030902,0.23747401662862433,0.14440269413048062,39.19221138389759,237.66890000842977
indoor,its,1439_2.png,16.01517096412164,15.384907176249046,0.8727891681821637,0.7873603889931552,0.13119655052296747,0.13078177451438733,0.3161485384424624,223.04799999983516
indoor,its,1439_3.png,15.08765906021502,15.37503926241623,0.8568220411608358,0.7805823357947888,0.1466452162912851,0.132744493028628,9.479151564774252,225.3560999961337
indoor,its,1439_4.png,14.292263949701685,15.348487924783745,0.8412641936288342,0.7733945833218114,0.16140666795002245,0.13492415825610282,16.407319715804825,226.935600003344
indoor,its,1439_5.png,13.600604194472425,15.319574675943514,0.8261079493207865,0.766221758449216,0.17551782031185545,0.13707397629458515,21.903098932435693,228.12290000729263
indoor,its,1439_6.png,12.990555989146085,15.299984552886261,0.811455338171918,0.7597980099157259,0.18905351135311532,0.13881551302147788,26.573426388500117,224.8812000034377
indoor,its,1439_7.png,12.448928084117805,15.287585390252707,0.7971023631687285,0.7545311886975993,0.2019550092126612,0.14046493688639552,30.447409807386794,215.2458999917144
indoor,its,1439_8.png,11.963447792389816,15.282021545808833,0.7831529428770723,0.7502445003978438,0.2143076387170109,0.14193920101935117,33.76848102758145,228.47049999109004
indoor,its,1439_9.png,11.52704759287517,15.286959090915433,0.7696106263088232,0.7467670982385765,0.22611347156908582,0.1432871966926088,36.6304009392605,216.42149999388494
indoor,its,1440_1.png,12.539478060350387,17.763122116091296,0.7867084497085233,0.7889219694710855,0.20809918048565854,0.11385266617165801,45.2892267836552,222.32819999044295
indoor,its,1440_10.png,7.35679695013337,17.084671774929735,0.6170321871988222,0.7966299771566003,0.38113995911595117,0.10817212092878292,71.61879107570726,226.7773999919882
indoor,its,1440_2.png,11.532474635088601,17.500463105820632,0.7606485207182075,0.7778718618608291,0.23391500059584378,0.11728345662715765,49.86064967425329,218.28719999757595
indoor,its,1440_3.png,10.69814425044414,17.334537793885985,0.7367981730811047,0.7700442201393497,0.2577538202751882,0.11962471926592047,53.58954350427911,223.08379999594763
indoor,its,1440_4.png,9.995178524199474,17.30934825230453,0.7150302839880909,0.7666312109868062,0.27973969877806193,0.1194662248256011,57.293787375612645,219.7197000059532
indoor,its,1440_5.png,9.393844515009134,17.385231233930906,0.695065705872867,0.7678548706099626,0.3001152866008488,0.11677889613068228,61.088652443464966,222.72170000360347
indoor,its,1440_6.png,8.873939703042982,17.558606317074968,0.6768468500010497,0.7743316267664326,0.3191863615946613,0.11074389718486741,65.30431213851998,216.8355000030715
indoor,its,1440_7.png,8.420583353643242,17.648486838933366,0.6600234728846726,0.7819912149537767,0.336529530933458,0.10529536891895608,68.71140089904436,222.97210000397172
indoor,its,1440_8.png,8.022809278583305,17.6535762127906,0.6444871085829346,0.7900300432898875,0.3525649561367324,0.10050568343279341,71.49300041518728,226.83849999157246
indoor,its,1440_9.png,7.670387190998911,17.4762453205241,0.630214771155269,0.7951135890355144,0.3674069887889705,0.09974300341922651,72.85217381596031,215.05220000108238
indoor,its,1441_1.png,17.200356089676106,20.519808812610904,0.8176193500679166,0.8110693204373325,0.11655862644262942,0.07103502644629614,39.0563937480001,213.69350000168197
indoor,its,1441_10.png,10.864412917430313,16.615240696832338,0.6867559413765424,0.7137233201388767,0.24589556692242115,0.12429536433554254,49.45196823334601,233.94849999749567
indoor,its,1441_2.png,16.05165946354529,19.9378481118151,0.799153346859606,0.804626597960401,0.1333295611839874,0.07601912200130169,42.98404222991199,226.88499999640044
indoor,its,1441_3.png,15.07965980245648,19.36459398379323,0.7819981972396981,0.7948489851589507,0.1494336917562724,0.0823704681498593,44.878245548513405,223.2520000106888
indoor,its,1441_4.png,14.241898708237974,18.84249779219154,0.7659310469632624,0.7831703020995927,0.16489607568132444,0.08930310572101678,45.84279223364794,232.43440000806004
indoor,its,1441_5.png,13.509412579211844,18.382258116961363,0.7507894992562144,0.7712990827964737,0.17976002621712545,0.09613963369358963,46.51778798182587,238.46300000150222
indoor,its,1441_6.png,12.861226603714954,17.954461948882432,0.7365473567204216,0.7591176194612523,0.19405198965981907,0.10275016271118079,47.05018608862266,227.4806999921566
indoor,its,1441_7.png,12.283228012247223,17.578542618465804,0.7231041065517724,0.7473212472640252,0.20777817653475603,0.10872607687301196,47.672039742812544,216.71609999611974
indoor,its,1441_8.png,11.763604770662063,17.2276247616162,0.7103240720012182,0.7357273655090389,0.22097537331903308,0.11437034439769363,48.242943318002304,215.95879999222234
indoor,its,1441_9.png,11.293193111632792,16.907769456459505,0.6982522635001874,0.7244351643360115,0.23366584623564246,0.11954184656564823,48.84068280600861,238.53109999618027
indoor,its,1442_1.png,13.54636788921784,18.140294448490657,0.713676485802782,0.7057687534649736,0.1850646902987469,0.09902588253627771,46.49120422402444,247.19169999298174
indoor,its,1442_10.png,7.931300432172492,16.343776834372406,0.5492422657811322,0.6273604197425215,0.3604131993143213,0.1263453647938839,64.94429961813736,228.84999999951106
indoor,its,1442_2.png,12.486914080161151,17.916913244427704,0.6894166713241843,0.6914247277185414,0.20962727681067755,0.1031850369881473,50.77690096645783,225.8869999932358
indoor,its,1442_3.png,11.601140942512405,17.65960292030663,0.6672506415791587,0.678410283334198,0.23271944009020157,0.10752282998285802,53.79722668595927,235.65830000734422
indoor,its,1442_4.png,10.84875255840754,17.394759664869508,0.6468297721116404,0.6667574074408655,0.25440708962406844,0.11161755997396622,56.12639343048957,232.27350000524893
indoor,its,1442_5.png,10.19848505500245,17.161757819553344,0.6279206303355328,0.6567788594500223,0.2748367708934906,0.11508958740111284,58.12438312406435,224.72720000951085
indoor,its,1442_6.png,9.630676597200805,16.95327587304805,0.6101768104968178,0.6481539307198364,0.2940555922228639,0.11810326889053893,59.836412570358455,224.4258999999147
indoor,its,1442_7.png,9.130359571120026,16.772366117068543,0.59350699418095,0.6404507610909639,0.31213983078037205,0.12070808697485538,61.32884008876391,242.19810000795405
indoor,its,1442_8.png,8.685727317838793,16.62208459684496,0.5778180571817566,0.6341775813674942,0.3292015418603159,0.12273899293237632,62.71615299539781,225.81979999085888
indoor,its,1442_9.png,8.288846551333485,16.496171249885244,0.5631500473822201,0.6302218744837554,0.34524775183565715,0.12434500728762754,63.983831024278295,222.97270000854041
indoor,its,1443_1.png,17.290665318824892,15.996924326530715,0.8274796293599356,0.7201211063599052,0.11692842083069786,0.11898321095619173,-1.757305824508175,227.8902999969432
indoor,its,1443_10.png,11.121663053571822,16.50564466164324,0.6946658075046989,0.6881348918063298,0.24354865751817323,0.12730036483971802,47.73103210255952,216.38250000250991
indoor,its,1443_2.png,16.164267242520282,16.08848374081958,0.8090230552550558,0.7149588517653248,0.1335498171217996,0.11950595843760599,10.515819441222787,218.5307999898214
indoor,its,1443_3.png,15.213306715653852,16.154149721386517,0.7917318709637019,0.7086635091868242,0.14945302459459708,0.1208923906168358,19.110106432588818,223.98310000426136
indoor,its,1443_4.png,14.396784236090909,16.20632249736196,0.7754820478261796,0.7025864455281959,0.1646522014135247,0.12244756574906726,25.632595701044263,222.43100000196137
indoor,its,1443_5.png,13.683630475019664,16.248555234851455,0.7601893609341929,0.6969180185404413,0.17923534911860958,0.12397373245698466,30.83187208895281,226.13929999351967
indoor,its,1443_6.png,13.053768756731214,16.29376011095769,0.7456411054306958,0.6926667708574672,0.19321651128894754,0.12527665942487326,35.162547907832874,241.71349999960512
indoor,its,1443_7.png,12.493640486356067,16.343793760294467,0.7318981780727504,0.6904290389083997,0.2065866998505807,0.12625393486052672,38.885737155191045,226.0966999892844
indoor,its,1443_8.png,11.990283722726286,16.406360199402556,0.7188599340856886,0.6898714979161814,0.21942331490801087,0.12674113796991449,42.238981191699494,218.33270000934135
indoor,its,1443_9.png,11.535734135765862,16.464898278686395,0.7064718354761221,0.6890561932046378,0.23172373933210497,0.1270644565446562,45.165540040288136,218.04880000127014
indoor,its,1444_1.png,12.934194196663999,17.13286561175053,0.5967122732007614,0.6500817210486936,0.21102339832613737,0.12417086049005858,41.157774165910496,218.29439999419264
indoor,its,1444_10.png,7.107145124349449,13.443564945497823,0.4062922093365309,0.526944403052615,0.41642519410756357,0.19334920111101941,53.56928226153265,223.06750000279862
indoor,its,1444_2.png,11.84761984589321,16.181435297331884,0.5672615237783017,0.6259068211366708,0.23945478920881114,0.13982252106078522,41.607964625149926,251.5657000039937
indoor,its,1444_3.png,10.93620422996783,15.48163870979868,0.540779067901751,0.6053458998533164,0.266268918039399,0.15225260567059923,42.8199839945009,232.94390000228304
indoor,its,1444_4.png,10.157134189525689,14.968129592915812,0.5166473548468682,0.5881820685912236,0.29158332187479946,0.16186057256001982,44.4890825825669,232.33840000466444
indoor,its,1444_5.png,9.482647403263814,14.584153016992069,0.49462295660224603,0.5742324802194331,0.3154568288278379,0.1693552695505505,46.31427862529968,230.56679998990148
indoor,its,1444_6.png,8.890756658444081,14.270382819537273,0.4742069115894883,0.5623817886754227,0.3380328997424122,0.17569688052874258,48.02373216778594,223.9780000090832
indoor,its,1444_7.png,8.368527632706797,14.009295778831062,0.4553263639937213,0.5522546174701304,0.35929410848023174,0.18116251409399664,49.5782105033361,251.63630000315607
indoor,its,1444_8.png,7.902144100184788,13.794254857114396,0.43781466919720224,0.5432965380416793,0.37943745015537766,0.1857562540677795,51.0443001616885,246.7076999892015
indoor,its,1444_9.png,7.484339019410959,13.607601924898113,0.4215167524404779,0.5346359165133213,0.39844362401342026,0.18979096884195473,52.36691902183528,256.3590999925509
indoor,its,1445_1.png,15.998452387309076,20.87929344139283,0.8045804311760949,0.83386423581137,0.14184525020854533,0.06744089229894856,52.45459580405095,248.35429999802727
indoor,its,1445_10.png,9.916242259138334,16.232325736490424,0.6209929222385444,0.6913311678076707,0.2917197471789089,0.1279471532418484,56.14038470374167,257.9447000025539
indoor,its,1445_2.png,14.882650130899744,20.016088421681964,0.7793841571810094,0.8124456932281815,0.16173194822576062,0.07635673624288426,52.78809019532284,260.29429999471176
indoor,its,1445_3.png,13.941742199991374,19.236409116167103,0.755664614297883,0.7922212349224486,0.18071003034219765,0.08532881408757986,52.781359615659,253.085899996222
indoor,its,1445_4.png,13.134687330002905,18.56891618261312,0.7332706905231164,0.7732955861099722,0.19880376573256697,0.093704479828397,52.86583995544969,237.09290000260808
indoor,its,1445_5.png,12.431038288369312,18.00966904669117,0.7120486034813935,0.7562675690142244,0.21609631126878054,0.10124693598804646,53.14730700014299,261.6083000029903
indoor,its,1445_6.png,11.811385269321013,17.538131980768156,0.6920286080913475,0.7406045709118633,0.23262151545985385,0.10793216547956255,53.60181080998472,259.20199998654425
indoor,its,1445_7.png,11.260440302214416,17.13749342198557,0.672898989171154,0.7263511189553226,0.2484034366434746,0.11386582056852661,54.16092968631207,248.81120001373347
indoor,its,1445_8.png,10.766157109181723,16.78801903159298,0.6547240997128853,0.7134484400456224,0.26349559992299865,0.11920429649185525,54.76042028681603,234.7759000113001
indoor,its,1445_9.png,10.320904618834417,16.486799537524128,0.6374685289121502,0.7019447552724154,0.27790562293173465,0.12390302871966924,55.4154273835446,257.64239999989513
indoor,its,1446_1.png,15.073483793950878,18.74288582206745,0.7843247142735911,0.7820630993731026,0.15500969850305713,0.09122100303421979,41.15141953678294,254.6555000008084
indoor,its,1446_10.png,9.193399986550206,16.54903704295801,0.5783029288249187,0.6874865226557727,0.3090203595229583,0.1224764183373209,60.36622811422091,231.46819999965373
indoor,its,1446_2.png,13.98111038889791,18.283157283159742,0.7564121119695457,0.7650276257968587,0.1760768455114631,0.09808755236549974,44.29275665982463,255.73540000186767
indoor,its,1446_3.png,13.063390965098172,17.891998463694556,0.7299486029374194,0.7494068860013628,0.19601955284217476,0.10403302349457781,46.92721890297243,221.59100000862963
indoor,its,1446_4.png,12.278749789773112,17.585511290598276,0.7049264808032195,0.7354853715064472,0.21494546196225098,0.10871295456003814,49.42300316094565,254.83830001030583
indoor,its,1446_5.png,11.598024132217732,17.32542780955402,0.6810026518833006,0.7234872728211942,0.23280126318877248,0.1127680013566904,51.56039749608682,229.82340000453405
indoor,its,1446_6.png,11.000569577834515,17.123595612215436,0.6584075223243157,0.7131915644359091,0.2497370953991695,0.11577119141251638,53.64277117432251,233.59579998941626
indoor,its,1446_7.png,10.472330673235664,16.955757218849797,0.6369146360096997,0.7044719355462483,0.26576551714655006,0.11801960325972372,55.59258022405419,227.66410000622272
indoor,its,1446_8.png,10.000052444705869,16.800814927443813,0.6163443462072609,0.6970640380471136,0.2809623793416385,0.11991828690335415,57.31873679450435,223.54320000158623
indoor,its,1446_9.png,9.57644406766417,16.671318546521658,0.5968219416165171,0.6914658193164742,0.2953511078110534,0.12130926582881867,58.927097778439915,228.91629999503493
indoor,its,1447_1.png,15.617514067148473,17.669630794052217,0.7593791981582668,0.7429787024450457,0.15062341299306073,0.09654208948656601,35.904989032805524,265.0710000016261
indoor,its,1447_10.png,9.655857768201498,16.961645205402714,0.5523368955250479,0.6730992668295709,0.30520908157559423,0.12124477720026766,60.274844181619756,221.69089999806602
indoor,its,1447_2.png,14.518374535412466,17.489637453404757,0.7299253015988908,0.7254065588853787,0.17141945567380762,0.10235434828442831,40.29011939682662,221.33319999556988
indoor,its,1447_3.png,13.593844529007251,17.34221672171346,0.7024735348753414,0.7110400768040742,0.19117073215447938,0.10740371623170072,43.817905908995755,236.11939999682363
indoor,its,1447_4.png,12.801106092398626,17.234302197307272,0.6768532379383857,0.6997638604449085,0.20997671167578763,0.11140654878127033,46.943376440895925,234.30609999923036
indoor,its,1447_5.png,12.11236598818642,17.15608918204748,0.6527653637957866,0.6912060011619042,0.2278302853633272,0.11454501828782004,49.72353079508063,245.1394999952754
indoor,its,1447_6.png,11.505888279372963,17.0952103678141,0.6300863851413373,0.6846613158176398,0.24483694047979174,0.11696971738672092,52.22545977741405,248.26230001053773
indoor,its,1447_7.png,10.967149144174098,17.06126805287819,0.6088477362976852,0.6799256362033864,0.2610401002850883,0.11860696770526817,54.56369614013165,228.44570000597741
indoor,its,1447_8.png,10.48488509902761,17.036605949894756,0.588827699387497,0.6766312774872771,0.27646938738094584,0.11971413708073224,56.69895177737205,248.06640000315383
indoor,its,1447_9.png,10.05020873383451,17.008490020959982,0.569996209100001,0.6745347466685864,0.29117234551604654,0.12047312286298344,58.62480397582106,235.79429999517743
indoor,its,1448_1.png,16.313693845038795,20.503039212159532,0.7903946967783911,0.802848404672686,0.13046057806011604,0.07365259558708943,43.544171705595545,221.36300000420306
indoor,its,1448_10.png,10.352391185900947,17.809546895244036,0.6092118840765096,0.6605347653318013,0.2658619613343233,0.10744795992263198,59.58505483752868,228.08799998892937
indoor,its,1448_2.png,15.212681071083647,20.090260901782525,0.764606522656836,0.7790733770603286,0.14856867786852934,0.0782301469442382,47.34411532700266,234.42410001007374
indoor,its,1448_3.png,14.2865505623859,19.678615992430323,0.7406440961189827,0.7565360372915602,0.16580609410664687,0.08279614809925841,50.064469251383095,226.45300001022406
indoor,its,1448_4.png,13.493665117156581,19.29605755239157,0.7182702454746983,0.7359148202501814,0.18219094042479075,0.08724897102365958,52.11124327512834,250.45219999447
indoor,its,1448_5.png,12.80405177241953,18.95222892455244,0.6973021874022213,0.71744583036376,0.19782126062206087,0.09149059483540962,53.75087595600214,261.3660000060918
indoor,its,1448_6.png,12.197372551619168,18.673911501719047,0.6776274003846723,0.7012719878719865,0.2128236531639304,0.09505831477050848,55.33470134038221,256.7360999964876
indoor,its,1448_7.png,11.659808080284684,18.41453269759609,0.6591093578192276,0.6871879712323626,0.22704470203228558,0.0985711712454968,56.58512353660099,244.3210000055842
indoor,its,1448_8.png,11.17830898925976,18.18425327554952,0.6415300352178719,0.6755305151960869,0.24059121451292065,0.10189303229473183,57.64889492498517,261.7811000091024
indoor,its,1448_9.png,10.745096288483559,17.98904429187147,0.6249313666499838,0.6670183521173868,0.2535132918992749,0.10476327585732752,58.67542844006199,253.11109999893233
indoor,its,1449_1.png,15.555283512524545,20.223610143225134,0.7963674523978082,0.7991090219123084,0.14756775201899366,0.07835589747820587,46.901744387693185,248.45120000827592
indoor,its,1449_10.png,9.648750719824243,17.444759508097356,0.5834098747540607,0.7012588261800093,0.2964017178633959,0.11114468003190056,62.502010081694145,252.2750000061933
indoor,its,1449_2.png,14.46161110495398,19.758103007978075,0.767617723235999,0.7803020284103938,0.16776126832219565,0.08410828314495504,49.86429885004811,244.38429999281652
indoor,its,1449_3.png,13.542085830231425,19.298880128196252,0.7402648072879634,0.763011092165936,0.18690322122303807,0.08962482468443198,52.047466435997805,255.16669999342412
indoor,its,1449_4.png,12.755202397787162,18.89488368442919,0.7144665091110757,0.7474083237219187,0.2051124586346928,0.09441052260081217,53.97133424932923,252.8314999944996
indoor,its,1449_5.png,12.072066874491531,18.534822666203578,0.6897399143106462,0.7338574846258806,0.2223382559194786,0.09875943495677841,55.58144498952562,251.17210000462364
indoor,its,1449_6.png,11.471269942461307,18.232994613922322,0.6661761463043073,0.7228587329779456,0.23870352647838003,0.10239999449990377,57.10159723202158,249.6160000009695
indoor,its,1449_7.png,10.939526026110524,17.993366990888987,0.6438618013149956,0.714809320760525,0.25423906168357946,0.10514214998762478,58.64437385985957,251.73139999969862
indoor,its,1449_8.png,10.463831831747672,17.80025477650958,0.6227383024671863,0.7090581845809146,0.2690348522765815,0.10717588391130178,60.16282313586575,252.67319999693427
indoor,its,1449_9.png,10.036180345831433,17.62006322621685,0.6025517462139884,0.7047742121047835,0.28304743833017076,0.10912331674137629,61.446984459621234,222.67039999132976
outdoor,ots,0001_0.8_0.2.jpg,16.129340449993524,31.891726526136242,0.8486223225157667,0.9849218978211507,0.12640345629777333,0.019861397049831746,84.28729240458999,208.1116000044858
outdoor,ots,0002_0.8_0.08.jpg,20.37308645303618,32.083175558439066,0.9286197220775468,0.9878259836281327,0.08365011746866184,0.021518728087023202,74.27530747626793,168.34879999805707
outdoor,ots,0003_0.8_0.2.jpg,17.409194001411144,28.12558677653021,0.9178799875812321,0.9836404431624354,0.1141681809528754,0.031666207092820454,72.26353783087345,132.9085000033956
outdoor,ots,0004_0.9_0.12.jpg,22.34835321448236,36.526610070963564,0.9525003722570307,0.9914738939320534,0.057475734412922835,0.01127220934598801,80.38786715835286,179.2633000004571
outdoor,ots,0006_0.85_0.08.jpg,20.052674684505263,28.01398225633495,0.907771644972058,0.9729925381891865,0.07757854862540804,0.028794585939152236,62.88330635506083,177.09409999952186
outdoor,ots,0007_0.9_0.16.jpg,12.81763814510815,29.40024404381738,0.7569460025256857,0.9768001667549631,0.20737364390200522,0.026178499177448758,87.37616438498043,198.426400005701
outdoor,ots,0009_0.8_0.16.jpg,14.09607100993782,28.233899667849474,0.7816163672849924,0.9628856757263181,0.16655191136547068,0.030731982983229246,81.54810059753501,176.46259999310132
outdoor,ots,0010_0.95_0.16.jpg,9.986540990692104,29.806881195663614,0.6168754584989822,0.9582091502727909,0.2893607028841326,0.023683379874805593,91.815271106175,175.73730000003707
outdoor,ots,0011_0.95_0.16.jpg,11.707361103001766,37.830781783907604,0.6388513396683212,0.985147586560133,0.22983725878641137,0.009602954484310417,95.82184189056193,174.13110000779852
outdoor,ots,0014_0.8_0.12.jpg,16.90245884312572,30.138106192244138,0.8891111558150061,0.9838673772389214,0.12727808493710785,0.02660416441872075,79.09760164789807,169.44460000377148
outdoor,ots,0016_0.8_0.08.jpg,23.65068548793165,37.6857062637806,0.9614117920478108,0.9932391945372578,0.0548549618100964,0.009979400902631214,81.80764555457407,185.3914000093937
outdoor,ots,0017_0.9_0.08.jpg,18.258418034958133,38.21815195421118,0.8400048820442244,0.9929893328119807,0.09742456350128985,0.008220030041001908,91.56266253411613,181.41769999056123
outdoor,ots,0018_0.9_0.2.jpg,14.243100351881013,35.20097853425308,0.8193410871328924,0.9879192555209858,0.15804482724870317,0.013441230351869483,91.49529931767528,245.45660000876524
outdoor,ots,0019_0.8_0.16.jpg,14.674093163543759,32.08186106984441,0.7962571901064449,0.9784982947878076,0.15695615030809448,0.019386463984669366,87.64847843715404,158.8121999957366
outdoor,ots,0021_0.8_0.08.jpg,22.77613073985483,30.826510468603615,0.9565713295523395,0.9858675737798617,0.0546137690823633,0.022836310692741398,58.18578923406521,155.1577000063844
outdoor,ots,0022_0.8_0.08.jpg,23.557838129599233,37.40191869781381,0.9620905068420799,0.9924466139812588,0.05504707810191359,0.011718351439188927,78.71211385878635,167.5251999986358
outdoor,ots,0023_0.85_0.12.jpg,14.414144163430056,29.622384915028128,0.7258439172466006,0.9568466399029542,0.16720050526630786,0.027095613592124063,83.79453343850788,158.94299998763017
outdoor,ots,0024_0.85_0.08.jpg,18.087739496006257,29.79964067373267,0.681800036442633,0.8751474707704748,0.10900649854189237,0.026968053990985195,75.26013414087005,173.21980000997428
outdoor,ots,0025_0.8_0.16.jpg,13.103499700920306,31.239803131163907,0.7388342579738048,0.9778422663768565,0.19096697209957428,0.02011138877739077,89.46865130491288,152.78239999315701
outdoor,ots,0026_0.95_0.08.jpg,16.622457488730344,30.673394616333695,0.8375109176437828,0.9802182178433161,0.12672108350273853,0.020434954875632842,83.87406207539455,157.97079999174457
outdoor,ots,0029_0.85_0.08.jpg,18.185894318471473,35.78548741844537,0.8923559708424254,0.9860200655833627,0.1001108593411684,0.01239503423351878,87.61868285123202,159.62710000167135
outdoor,ots,0030_0.95_0.12.jpg,14.691251699499183,35.27328996538563,0.8035512327326119,0.9904097697119426,0.1652620838782354,0.01222564341607213,92.60226399825241,174.0857000113465
outdoor,ots,0033_0.85_0.08.jpg,21.62720905116192,36.05251703019662,0.9487802410164813,0.9890814708776053,0.07104339506732328,0.011536386511461286,83.76148144851872,167.46290000446606
outdoor,ots,0034_0.9_0.16.jpg,14.645648949905448,34.39584559188234,0.8043726692183265,0.9849902257810633,0.16201990277364156,0.015039021463747287,90.71778819881335,151.9317000056617
outdoor,ots,0036_1_0.08.jpg,20.157347896819772,26.758259961539718,0.9520499529774683,0.9842920940509791,0.08136627347395044,0.039813229863080314,51.06911835806463,164.32469998835586
outdoor,ots,0039_0.9_0.2.jpg,12.728703554082024,34.30490408782239,0.7104403355624657,0.982091858122384,0.19190618044855332,0.014656267848690582,92.36279047880966,159.46189999522176
outdoor,ots,0040_1_0.08.jpg,18.35285465294031,36.51058093227813,0.9124793137197836,0.9922202431529641,0.1049518284971924,0.01076973408777995,89.73839406532355,152.20589999807999
outdoor,ots,0042_0.8_0.2.jpg,14.382978447117637,30.614659926950072,0.8100231857020193,0.9804136755841574,0.15030445697647368,0.018505170475317332,87.68820325332459,284.0883000026224
outdoor,ots,0045_0.8_0.16.jpg,16.610652652482717,23.78610999464756,0.899281410109988,0.9616397854406046,0.08900743611787047,0.045405703128415104,48.98661279609643,279.877499997383
outdoor,ots,0046_0.9_0.16.jpg,13.074818371212022,30.273275584588,0.7395446804512663,0.9601368490632719,0.19123399210737196,0.02494186703957392,86.95740466406711,152.83420000923797
outdoor,ots,0047_0.9_0.12.jpg,17.622061539272792,36.771065448417744,0.8605710988276272,0.9914235234085863,0.10832593977082838,0.010766142290985237,90.06133589065055,113.8072000030661
outdoor,ots,0048_0.9_0.2.jpg,13.210868099093409,31.931918419790772,0.8143428303904333,0.9798943607065173,0.1791300039276111,0.019129940625454082,89.32063354096273,161.6968000016641
outdoor,ots,0049_0.85_0.12.jpg,18.70547251094029,25.739819739270228,0.9171619805032952,0.9747400598827016,0.10015587610271794,0.04097228546852864,59.09147523640473,242.06630000844598
outdoor,ots,0051_0.8_0.2.jpg,13.698695941329614,33.38896462374755,0.7265669295722952,0.9879696873004421,0.19139901664418624,0.01761931899501672,90.79445214328527,154.3147000047611
outdoor,ots,0051_0.95_0.12.jpg,15.394234025347583,31.753848780902306,0.7947888100947248,0.9842007373419118,0.14859159217768061,0.020201690585546318,86.40454757235214,160.72770000027958
outdoor,ots,0052_0.9_0.16.jpg,12.445200949686532,27.74883328715842,0.759702787887008,0.9712475233186778,0.20264884566035463,0.02676151971548391,86.79413726355455,214.5998000050895
outdoor,ots,0053_0.9_0.12.jpg,13.664946045939226,30.873771874345994,0.7553268596061032,0.9665246194109868,0.18198165550421405,0.020540014652521792,88.71313514160242,153.9691999932984
outdoor,ots,0054_0.85_0.16.jpg,14.644081390795678,32.86790470333433,0.7799620468350322,0.9837752405649601,0.15794291563119384,0.017301320056150454,89.04583412836729,150.09919999283738
outdoor,ots,0055_0.85_0.12.jpg,17.030381053271622,37.08219442135553,0.8262007541941271,0.9877333908417826,0.11862501960208839,0.009641068137578606,91.87264427252975,153.44660000118893
outdoor,ots,0056_0.8_0.16.jpg,15.888328007367376,22.607054868950144,0.8005574554266754,0.9056899476877533,0.13407804394675132,0.062441184852396366,53.42922050673955,244.3041000078665
outdoor,ots,0057_0.8_0.12.jpg,23.013334800567616,34.561875619204024,0.9520066867198899,0.9906421394078851,0.059088247522943435,0.014871742636448517,74.83128922751877,168.3541999955196
outdoor,ots,0058_0.8_0.2.jpg,13.312063660691102,34.599660774955055,0.715203346839078,0.985296618316629,0.1957841997983687,0.013813371764223367,92.94458844334316,263.3228000049712
outdoor,ots,0059_0.9_0.12.jpg,16.49483947369167,25.442984360707158,0.8807640805510232,0.9708436294993982,0.122846346962,0.04041220062755457,67.10345212755861,184.20180000248365
outdoor,ots,0060_0.9_0.2.jpg,12.68360473666771,29.819877161655455,0.7394681697830183,0.9492822323146379,0.18294789008470513,0.024928536123954757,86.37396432950976,351.03289999824483
outdoor,ots,0061_0.8_0.2.jpg,13.974254176712918,26.977224482170563,0.731130683118627,0.9556532147620894,0.16720939183102368,0.0396290725087689,76.29972831981257,158.12530000403058
outdoor,ots,0062_0.9_0.2.jpg,11.05630482454563,31.36706905869058,0.7067778872073603,0.9721048648855448,0.2122002362321405,0.01804849232964886,91.49458935598767,183.88039999990724
outdoor,ots,0063_0.8_0.16.jpg,12.751109933682038,28.789717918575363,0.7306201012578347,0.9726556464247063,0.1900140904846787,0.03153705406148079,83.40277696179517,178.7834999995539
outdoor,ots,0064_0.8_0.2.jpg,12.67505218147764,30.163152432567983,0.7465783200709848,0.97405591497387,0.20961844049381437,0.021724437078375264,89.63619517881307,201.3364000013098
outdoor,ots,0065_0.9_0.12.jpg,14.253859811960918,34.12909062663165,0.7781311866066685,0.9908738545400606,0.17462449310624495,0.014478629142433351,91.70870130772869,183.1339000054868
outdoor,ots,0066_1_0.08.jpg,22.041740546544517,29.336318733827845,0.9215920283900134,0.9713875709948177,0.06606055426793213,0.030942031049708017,53.161100888857746,200.8881000074325
outdoor,ots,0068_1_0.16.jpg,13.355667786852756,25.607597176397107,0.781452008560795,0.9630906106541223,0.18849130370198147,0.030290297476039167,83.93013084733954,352.57190000265837
outdoor,ots,0069_0.9_0.16.jpg,13.840450685325363,30.06303014793868,0.7945379401697936,0.9770901671036375,0.1776451436120197,0.023749361115437642,86.6310053313885,128.1755000090925
outdoor,ots,0070_0.9_0.12.jpg,16.50397209886643,36.43280115578652,0.8817804715282632,0.9899852966916419,0.11191253038165587,0.010395287109945976,90.71123122172472,250.85019999824
outdoor,ots,0071_0.8_0.2.jpg,15.824128594388693,34.531149421473366,0.8124595652335266,0.9855575362427622,0.1335174964183122,0.014717872875021866,88.97681414981604,165.35640000074636
outdoor,ots,0072_0.9_0.2.jpg,13.94544214075055,31.298758726650398,0.7854500915044543,0.9786512762572667,0.17623253282876353,0.02446994983145754,86.11495956496879,137.67029999871738
outdoor,ots,0073_0.8_0.16.jpg,15.627766189932455,32.838424472603776,0.6697577058186855,0.9866939898536454,0.13165540607614387,0.016927629808985743,87.14246605760943,164.1040999966208
outdoor,ots,0074_0.8_0.2.jpg,13.315747555639724,34.376368419551625,0.694208944396611,0.9559518860816176,0.18198170129186902,0.013044146626363141,92.83216069693815,284.11539999069646
outdoor,ots,0075_0.8_0.2.jpg,14.81459576262444,31.5618662447958,0.7942678282086723,0.9832461994964046,0.14698755146359674,0.019351862254679043,86.83434702774372,315.2905000024475
outdoor,ots,0076_0.8_0.2.jpg,13.13948085674076,28.9597236212545,0.7241236076759683,0.9830411928090416,0.20106381732525525,0.02787333025241522,86.13706869942085,155.45879999990575
outdoor,ots,0076_1_0.16.jpg,11.89722218484219,30.762305745117292,0.7304999888821863,0.9853718402705299,0.23650644876788668,0.02133409171317668,90.9794845247273,153.28659999067895
outdoor,ots,0077_0.8_0.2.jpg,14.56401882940592,32.52044900238688,0.720112489188112,0.949172467280461,0.15314880757612942,0.015296324915172226,90.01211033995187,319.89869999233633
outdoor,ots,0079_0.8_0.12.jpg,15.636738818962035,31.299522385293194,0.8212382305501036,0.9882251047507017,0.13842794847779893,0.022301850581013093,83.88919346477984,177.82859998987988
outdoor,ots,0081_0.8_0.2.jpg,18.098446143249884,26.90929355635142,0.9060825214444245,0.9812073570966752,0.09520038043418157,0.040333720402994815,57.63280988760206,239.86810000496916
outdoor,ots,0082_0.85_0.16.jpg,15.540894676504415,34.29658329640415,0.8629508260544484,0.9849718995683056,0.1446550277018871,0.014208681315361274,90.17753440108784,174.4479000044521
outdoor,ots,0083_0.85_0.12.jpg,17.19232794438005,36.277682262694796,0.8872283464743874,0.9871652975526995,0.11681421536257028,0.010373813624062873,91.11938328412967,174.05370000051335
outdoor,ots,0084_0.95_0.16.jpg,13.25065419017595,29.959227282107165,0.7373240861975111,0.9836116381462081,0.19774962070735916,0.021935425067349683,88.90747103350552,165.42110001319088
outdoor,ots,0085_0.95_0.08.jpg,17.102559671671724,35.948783016125944,0.8313181437130512,0.9858047593862875,0.1189541999276654,0.010566031155545223,91.11755593856637,305.34189999161754
outdoor,ots,0086_0.8_0.2.jpg,13.12425480934975,31.865846865190306,0.693506595725522,0.9685116616621904,0.1970518343958025,0.02058226474976226,89.55489363072377,171.5014999936102
outdoor,ots,0086_0.95_0.12.jpg,14.633126137757724,34.44570393103964,0.7661970674986353,0.97628260423647,0.16608931646618585,0.014243865805181858,91.423966784475,181.56210001325235
outdoor,ots,0087_0.9_0.16.jpg,13.800998887312431,30.98257555538136,0.7940485576119841,0.9798399041199528,0.16375092616944112,0.019766095542373265,87.92916486173837,241.58790000365116
outdoor,ots,0088_0.9_0.12.jpg,15.691619999249234,30.925073175564393,0.7956142347506129,0.979553947974078,0.14121369990154875,0.019792838937536233,85.98376251758035,170.96109999693
outdoor,ots,0089_0.9_0.2.jpg,13.122650120406758,26.161467603494728,0.7905781898455707,0.9544051764300009,0.18578483438515817,0.033865630552389295,81.77158063432717,341.834499995457
outdoor,ots,0090_0.85_0.12.jpg,16.769060695491586,29.42250415673582,0.888361069264095,0.987284045685771,0.1276419417114414,0.02367684802811451,81.45056722288257,250.91129999782424
outdoor,ots,0091_0.85_0.2.jpg,15.19095728270685,27.291935257385553,0.8397140203103309,0.9751833740534627,0.15881346021425266,0.033098293716397956,79.15900731106399,232.95769999094773
outdoor,ots,0092_0.85_0.2.jpg,13.954178066588785,30.41616440604443,0.78028064172639,0.9842833794344082,0.17872796261071036,0.02068457572168587,88.42677762213573,241.1866999900667
outdoor,ots,0093_0.8_0.08.jpg,22.72168271194531,31.115033294071477,0.960753329109605,0.9904484948694784,0.06480707372831,0.02562626118757724,60.45760785192871,163.73540001222864
outdoor,ots,0094_0.8_0.2.jpg,13.946691045469548,31.606834053490402,0.8017044437504901,0.9821715838535772,0.16544384163526737,0.020301220436813656,87.72923246397265,166.77670000353828
outdoor,ots,0095_0.8_0.08.jpg,17.391753242005542,33.22981407601005,0.8689322864179759,0.9880986859778501,0.11799977158156635,0.015892279023236516,86.53193352544378,159.2545000021346
outdoor,ots,0096_0.8_0.2.jpg,15.862124468928737,33.03640138752629,0.815684419156157,0.9887784375472678,0.14042769761447305,0.017252802824292736,87.71409637216453,170.47169999568723
outdoor,ots,0097_0.85_0.08.jpg,21.229021050578996,33.08022184717672,0.9570336702529758,0.9906119835758623,0.06979675116065943,0.016188784296461263,76.80580871195785,175.3580999939004
outdoor,ots,0098_0.85_0.2.jpg,12.114388744593771,33.06064287506383,0.7150933209533576,0.9803929956716463,0.20396903363879312,0.015264265026628775,92.5163766254353,264.92899999720976
outdoor,ots,0099_0.9_0.16.jpg,12.592775587121725,32.1414078598565,0.733958002995756,0.9848998923437087,0.21433695232857614,0.018002864576251214,91.60066729477437,288.5246000078041
outdoor,ots,0100_0.9_0.12.jpg,16.407273538117305,29.165555737395216,0.8703369882857901,0.9800946519742846,0.13065325069790507,0.026661589416419818,79.59362110520422,163.88580000784714
outdoor,ots,0101_0.9_0.08.jpg,20.312464701454328,35.67836967309718,0.8784475214600765,0.9842121690258865,0.07663898122721652,0.012117783558960031,84.18847460683084,247.67219999921508
outdoor,ots,0102_0.85_0.12.jpg,17.314758364556106,27.490277522726366,0.8683841501337789,0.9585923481637671,0.10051540266215829,0.027643836791198834,72.4979025016667,244.10270000225864
outdoor,ots,0104_0.95_0.12.jpg,15.185084136598267,33.70718249972257,0.7602448965379471,0.9830126542641037,0.13826353090328694,0.012731127988009457,90.7921221279045,286.26059999805875
outdoor,ots,0105_0.95_0.2.jpg,12.345494933726311,26.18525374135094,0.7767704724766781,0.9623805009870862,0.21394259095990265,0.03676124610557676,82.81723418307577,300.3762000007555
outdoor,ots,0106_0.9_0.08.jpg,20.446473088432974,37.3971584789004,0.9440572864796714,0.9928819159297976,0.0806801759224491,0.009892550343198397,87.73855038868247,171.60009998769965
outdoor,ots,0107_0.9_0.08.jpg,19.686443492613673,32.79697200947764,0.9447690640679308,0.9883621321158712,0.08247784847183731,0.01583171055047397,80.80488406972906,175.52259999501985
outdoor,ots,0108_0.8_0.16.jpg,13.171444405158898,32.40082989499099,0.6985153441978471,0.9697818827822712,0.18821635533189346,0.017326802225415067,90.7942052781321,276.4941999921575
outdoor,ots,0108_1_0.2.jpg,9.418541828623903,28.89763095257503,0.6171573777246272,0.9521072434253705,0.28817033842772893,0.023113560400224834,91.97919892649138,289.950599995791
outdoor,ots,0109_0.85_0.08.jpg,18.519704722032237,32.78872991229252,0.8978762177554067,0.9881907860173286,0.09885225771050264,0.01887109388105852,80.90979163338552,227.86690000793897
outdoor,ots,0110_0.8_0.12.jpg,17.94845680660401,36.353909075535846,0.882796375618577,0.9888212580186669,0.10509666728460257,0.012904235430932814,87.72154766036225,215.88790000532754
outdoor,ots,0111_0.8_0.2.jpg,12.583302485788224,32.40818462472283,0.6440047774272074,0.9764056099951411,0.20506011226222798,0.018864072687121255,90.80070640794892,292.7015000022948
outdoor,ots,0112_0.8_0.2.jpg,17.190953478768453,28.482121533358132,0.9020523386584678,0.9850017185795904,0.11257854142896703,0.033962421676325655,69.83223602965374,250.66930000321008
outdoor,ots,0113_0.9_0.08.jpg,16.48112433828427,37.12468864564202,0.6795399115747424,0.9834627733195008,0.14731637543316375,0.010460396146956904,92.89936002963995,161.77340000285767
outdoor,ots,0115_0.8_0.12.jpg,15.769961846247584,33.44072681927554,0.7830469703725527,0.9850050016768931,0.14951486090070337,0.014946560031305792,90.00328867539056,182.13279999326915
outdoor,ots,0116_0.9_0.16.jpg,13.951713638278811,24.489601777893576,0.8368563288407129,0.9679237347743904,0.14719459744706515,0.03923428490830787,73.34529057226672,297.2150999994483
outdoor,ots,0117_0.9_0.12.jpg,17.991463035540583,31.461836883335646,0.9227958095271521,0.9859027036222708,0.09526835970652679,0.021121702540208277,77.82924951348124,289.62609999871347
outdoor,ots,0118_0.9_0.2.jpg,11.77518856709397,26.344154276431382,0.7188883139197282,0.9608678914093484,0.2273646567151225,0.03596709624294608,84.18087262080559,295.429800011334
outdoor,ots,0119_0.85_0.12.jpg,15.967967990186562,26.68984943335392,0.8711956030641274,0.9755448641029812,0.14348636437702758,0.03611890124974694,74.82763683550873,311.91629999375436
outdoor,ots,0120_0.85_0.08.jpg,20.458284690387707,33.241810961943195,0.911707446284534,0.9870138670673595,0.06573858430861822,0.01685775967186177,74.35635816500606,332.3928000027081
outdoor,ots,0121_0.85_0.2.jpg,14.579717404442755,30.998831728564397,0.8308388651299815,0.9789627098298249,0.15050633500433613,0.021450861172163285,85.74753033066794,121.29490000370424
outdoor,ots,0123_1_0.08.jpg,15.286017108490242,35.239753540637096,0.7253646024284724,0.9875870516934507,0.1537362291561794,0.011333393318466747,92.6280209658614,290.3017000062391
outdoor,ots,0125_0.8_0.12.jpg,19.300550850060247,30.403909309249176,0.906636146263013,0.9672015175311555,0.08341639241028505,0.024339886930693742,70.8212099450447,287.50469999795314
outdoor,ots,0126_0.8_0.2.jpg,14.227267053716954,31.9423924976483,0.7848230625872686,0.980589572362684,0.17856350827583115,0.017048186169697544,90.45258721696847,175.19539999193512
outdoor,ots,0127_0.8_0.2.jpg,14.636312489938444,25.62436114431169,0.8324867218989552,0.9712180522100106,0.14896537147632039,0.046412462972359916,68.84345039606556,166.2718000006862
outdoor,ots,0129_0.8_0.16.jpg,13.80665697806981,34.10302092084927,0.7533701710992613,0.9867857795420214,0.1706387305507149,0.013644031681347746,92.0041359674167,288.2249999966007
outdoor,ots,0131_0.95_0.08.jpg,15.520859776351692,34.041519254567206,0.7619536437752897,0.9821779060063572,0.15368368775347838,0.014645189971211904,90.47055726450309,167.4163999996381
outdoor,ots,0132_1_0.08.jpg,16.819250609141218,31.904018068813485,0.8938685770297051,0.9852492262640643,0.12493669928166438,0.01815388466634728,85.46952711438868,180.83259998820722
outdoor,ots,0133_1_0.2.jpg,10.246088830245174,24.849559955370573,0.7204358000946116,0.9424948116400835,0.2825949856059527,0.04333960312424919,84.66370112771513,180.90849999862257
outdoor,ots,0134_0.95_0.16.jpg,13.098994239693537,33.658052397114616,0.7404560693464998,0.9779206307624349,0.19265299627812094,0.01645008409116086,91.46128347075316,172.52609999559354
outdoor,ots,0135_0.95_0.12.jpg,15.61483777820013,34.37544267755571,0.84660911615652,0.9851717024751916,0.14407477711166647,0.01574545627187701,89.07132428405163,163.83249999489635
outdoor,ots,0137_0.8_0.2.jpg,13.32876894431028,30.807714777050958,0.7691367835608083,0.98031625984461,0.19058767708418756,0.022597483163784262,88.14325651908334,159.3144999933429
outdoor,ots,0138_0.9_0.08.jpg,18.696302462101563,37.28465033097558,0.8826873967842341,0.9891226647197143,0.09939409477196116,0.009027255894653701,90.91770491281666,157.57809999922756
outdoor,ots,0139_0.85_0.12.jpg,15.990168129749275,31.483227745694702,0.8666877996045073,0.9782879854577281,0.13967452908230574,0.020237791675478612,85.51074389903437,162.3325999971712
outdoor,ots,0140_0.95_0.12.jpg,15.88465605694439,30.286778077211196,0.8781260062157776,0.9800737168886262,0.14388308667072375,0.02234411915767848,84.47063645786483,155.31210000335705
outdoor,ots,0141_0.95_0.12.jpg,12.881203455634598,32.01458878477347,0.7640237738188268,0.9803796299943416,0.20734034548590877,0.019034780219226877,90.81954394521112,179.5616000017617
outdoor,ots,0142_0.95_0.08.jpg,16.78303748564834,35.51865423878389,0.890130662663843,0.988631367240638,0.12007255578142915,0.012212470812670214,89.82908316051073,193.44319999800064
outdoor,ots,0143_1_0.2.jpg,8.896188164842778,28.799209579975205,0.6031627712623084,0.9467736425225411,0.32901624707407356,0.026505050505050504,91.94414867497466,178.90780000016093
outdoor,ots,0145_0.8_0.12.jpg,16.875017925053125,19.486632251943835,0.8549245286985164,0.9234697629694187,0.12687969568926696,0.09543380248863799,24.784021234760047,183.6987999995472
outdoor,ots,0146_0.8_0.2.jpg,12.954757848749832,27.297662719885952,0.7089664421689013,0.9611650913739848,0.20511286342991228,0.03372357962188471,83.55852118984225,176.0089000017615
outdoor,ots,0147_1_0.16.jpg,10.623004615626472,33.212400031883675,0.6299497615693946,0.9788244998473182,0.2717662193793799,0.015596903373573364,94.26090820438164,179.102399997646
outdoor,ots,0148_0.9_0.12.jpg,14.659880665645497,30.59132154727633,0.7043044227324008,0.966172940507776,0.16178009118387982,0.025039726419586836,84.52236323481674,188.3157999982359
outdoor,ots,0149_0.9_0.08.jpg,17.710402391119132,33.65223899600939,0.8446732974720866,0.9898704793661696,0.11326211265194318,0.016558981065461623,85.37993931444518,183.66280000191182
outdoor,ots,0150_0.8_0.16.jpg,20.76588449011828,36.26289977090658,0.9367162038331104,0.9918092483506662,0.07096556956115779,0.012680961273398248,82.13081418933548,205.6835000112187
outdoor,ots,0151_0.8_0.08.jpg,21.97421705174479,31.766055641429276,0.9422349880747505,0.9857462992561722,0.06355355866023862,0.0206053067349179,67.57803350890457,166.45819999394007
outdoor,ots,0152_0.8_0.2.jpg,16.297905358014685,31.149422296660305,0.8723998131965573,0.9845491666156105,0.12114940603873806,0.021601964668764267,82.16914668259157,169.8673999926541
outdoor,ots,0153_0.8_0.08.jpg,20.979794651066868,31.622121109794943,0.8858235447801327,0.9717934054617564,0.07531504188732503,0.01968794338485266,73.8592049112483,163.76120000495575
outdoor,ots,0154_0.8_0.2.jpg,12.588240454589318,31.157113444007805,0.7225729479108981,0.9748415260391435,0.2050001165335163,0.021820702394979564,89.35575662124677,162.24370000418276
outdoor,ots,0155_1_0.08.jpg,15.524977014998864,33.4444228494086,0.879116480691566,0.9882133864083998,0.14790361383382322,0.01609642069462608,89.11694637535645,175.46839998976793
outdoor,ots,0157_0.8_0.08.jpg,18.14691025028416,36.45126660087942,0.900940514478673,0.9912403416499581,0.11004462514332902,0.011072813306113405,89.93787994145153,176.9367999950191
outdoor,ots,0158_0.8_0.2.jpg,10.623193441809601,27.16847478795276,0.6132506378382461,0.9602768266439813,0.2689193832643484,0.034182848280555164,87.28880878927413,165.6652999954531
outdoor,ots,0160_0.9_0.2.jpg,14.771282964941737,18.538779678197844,0.8754764120251616,0.9304025927571473,0.14910969256731968,0.0963070960279335,35.41191192139023,171.54899999150075
outdoor,ots,0161_0.85_0.08.jpg,22.097004320263054,29.508012437035976,0.9609681372098855,0.9860081363253584,0.06339624704529989,0.02616230385323107,58.732084396501925,167.68530000990722
outdoor,ots,0162_0.95_0.12.jpg,17.27351132151352,26.78836799453274,0.9151872694744533,0.981728896821077,0.11684892220884245,0.03829427734113676,67.22752479013337,170.90780001308303
outdoor,ots,0163_0.95_0.08.jpg,20.816653569563055,32.070124473705015,0.94210043497579,0.989666881132596,0.0782161337056651,0.018951347976273198,75.77052884684653,173.635800005286
outdoor,ots,0164_0.9_0.2.jpg,10.926364346615511,30.89081279947571,0.6923311919176528,0.9706534985966737,0.25496739219570724,0.021725593781426283,91.47906611028253,181.81969999568537
outdoor,ots,0165_0.9_0.2.jpg,10.63050967830943,31.860069533695636,0.6319069252977073,0.9757372443172776,0.2698047272324441,0.01952046314159973,92.7649627868534,170.39529999601655
outdoor,ots,0166_0.8_0.16.jpg,12.273568983612366,28.125099995126813,0.7562020779789697,0.9657200507458472,0.22344485159240893,0.028428342677594916,87.27724035585489,168.37860000669025
outdoor,ots,0167_0.8_0.12.jpg,15.824215957216058,26.404725427903113,0.8269974176448733,0.9610424893604823,0.14122108134471045,0.033323181969243776,76.40353034243003,171.68369999853894
outdoor,ots,0168_0.9_0.16.jpg,12.48691293652417,29.647081006243212,0.7287708156355185,0.9682038135636973,0.21295965725081953,0.023067941284541947,89.1679248083286,179.82170000323094
outdoor,ots,0169_0.9_0.12.jpg,13.753453756569227,31.262609103509615,0.7397041345450459,0.9734095713615109,0.18690915996598947,0.021229091944944385,88.64202224598864,179.826999999932
outdoor,ots,0170_0.8_0.2.jpg,11.114897302531702,29.97730807806564,0.617891321010533,0.9692118106363076,0.2504094527384657,0.02308207844000466,90.78226190512927,165.4413999931421
outdoor,ots,0171_0.85_0.12.jpg,15.098941016349066,38.22764053603025,0.7246008892622146,0.9912579366085005,0.16557080849802686,0.00918444666001994,94.45285301882505,165.2602999965893
outdoor,ots,0172_0.85_0.08.jpg,20.297492109398817,36.49317678994245,0.9176026152593102,0.9926035400624409,0.07632765771948226,0.010940644156995106,85.66620141309184,175.27769999287557
outdoor,ots,0174_0.95_0.08.jpg,21.081125928532764,35.42242192435503,0.9438993515043701,0.9914282204077676,0.07120076998441904,0.012171151768360143,82.90585893718641,169.1348000022117
outdoor,ots,0175_0.85_0.16.jpg,12.265498801729958,31.423666370959886,0.6524394790918823,0.9681690741952512,0.22256502066671557,0.022678826435556246,89.81024271080702,168.68760000215843
outdoor,ots,0176_1_0.08.jpg,11.721020302313992,35.53017131920313,0.7182509522269616,0.9862345894280011,0.23505903645484902,0.012288542741184816,94.77214218022226,172.0554999919841
outdoor,ots,0178_0.8_0.12.jpg,17.183066500516965,31.231895682674683,0.8532401224515525,0.984536410056693,0.11614181409595167,0.018481306441426083,84.08728588061648,171.8817999935709
outdoor,ots,0179_0.8_0.2.jpg,14.666620877838337,31.849070598626426,0.7547329272806912,0.9786945056356068,0.16243911267640082,0.018900522098926884,88.36454433666259,172.57830000016838
outdoor,ots,0180_0.85_0.16.jpg,13.929196853151991,32.0353966433014,0.7904030990991197,0.9883310681577946,0.1841323533008478,0.018863933452168746,89.7552265587622,169.05880000558682
outdoor,ots,0181_0.9_0.08.jpg,17.22885351263491,34.407282817327555,0.8587991849750605,0.9895184392972776,0.12562963922086556,0.014372138994272593,88.55990677088866,172.66689999087248
outdoor,ots,0182_0.8_0.16.jpg,15.111364345221645,26.973144077092257,0.7615636167648026,0.9716566587401433,0.15315650163506594,0.03631457143720355,76.2892344246308,176.2495000002673
outdoor,ots,0183_0.8_0.16.jpg,13.284595133595701,37.30268761585268,0.6861048215113795,0.9841350374478511,0.1964609087600115,0.00957751852667107,95.12497010238938,169.41279999446124
outdoor,ots,0184_0.95_0.12.jpg,17.022226596836123,32.01432306319473,0.904335013623001,0.9923981821833112,0.12978576673623687,0.02029818794961586,84.36022924848861,163.36940000473987
outdoor,ots,0185_1_0.16.jpg,14.37829868565074,29.6764140313118,0.8457990327195751,0.982244846768434,0.167649772184169,0.02822819276657761,83.16239818577994,179.53949999355245
outdoor,ots,0187_0.9_0.2.jpg,12.016948986862543,31.695137223450875,0.6989178231095678,0.9825743092461637,0.2193172862365285,0.01822268260154601,91.69117396837993,182.9221000079997
outdoor,ots,0188_0.85_0.08.jpg,20.746552047179332,33.067686688194435,0.9445501823020521,0.9897556586469797,0.08543380536600875,0.017536579295303126,79.47347988595116,176.8101000052411
outdoor,ots,0189_0.85_0.2.jpg,11.028222485995522,31.77302356489865,0.6153796003086294,0.9691431853171263,0.24836902280172468,0.021161686657200116,91.47973625436079,174.8756000015419
outdoor,ots,0191_1_0.08.jpg,16.034919289822017,38.81281730540268,0.8123457117131264,0.9917515245155902,0.13693261341516577,0.008173384608080519,94.03108302153855,175.38250000507105
outdoor,ots,0194_1_0.2.jpg,9.443692022542212,31.994509964003598,0.57108426938434,0.9603007137124494,0.3008701917336016,0.019014005602240897,93.68032610318903,179.95679999876302
outdoor,ots,0195_1_0.08.jpg,17.38022174204363,33.02068123842118,0.8890977670720336,0.9858830742481572,0.11482284459752055,0.017043138981324424,85.15700638077287,182.01390000467654
outdoor,ots,0196_0.9_0.2.jpg,13.184677009394072,34.021748554372216,0.7249188576429685,0.9824796772638721,0.18479904586385146,0.01545598701730307,91.63632252066802,177.18949999834877
outdoor,ots,0197_0.8_0.16.jpg,13.308686857046384,34.89751381649012,0.7323886536192777,0.9829343666858712,0.1992201979918829,0.013045642293897527,93.45164206713956,160.97189999709371
outdoor,ots,0198_0.95_0.12.jpg,13.225975544761821,30.709535368206183,0.7523436895081295,0.979284593463114,0.19866735723565235,0.021377719654888147,89.23943577027896,169.98469999816734
outdoor,ots,0199_1_0.16.jpg,12.247953468805159,35.58809089065085,0.7782143260422334,0.9827033821390355,0.20828286856601913,0.01173373386334503,94.36643859345078,195.12600000598468
outdoor,ots,0200_1_0.12.jpg,12.012978841950492,32.2284065950891,0.6984831279646507,0.9783333637276869,0.22432529827544784,0.015268929143306013,93.19339433401899,163.03130000596866
outdoor,ots,0201_1_0.08.jpg,16.077658012749325,33.07113046045016,0.7381017585837122,0.9767998678953479,0.1423184472556357,0.017307695959739827,87.83874818945561,162.9053000069689
outdoor,ots,0202_0.85_0.12.jpg,16.485533646549783,34.06632237659463,0.8017030518929813,0.9853745378325387,0.13059826005389316,0.013854620841659726,89.39141319717143,200.77650000166614
outdoor,ots,0204_0.8_0.08.jpg,21.773815971371686,34.1829235075856,0.9559541244960608,0.9928422916129067,0.07092023551018203,0.01291758223950737,81.78574799539747,226.07620000781026
outdoor,ots,0205_1_0.16.jpg,11.530479280569423,31.740372425873634,0.7039977772423266,0.978365852396184,0.23124849243372395,0.01791415616321749,92.25328338359652,224.94749999896158
outdoor,ots,0206_1_0.12.jpg,13.521061339267709,31.90928187173462,0.8353140629864035,0.9826309162396102,0.19371830252388578,0.02006551197777519,89.6419075118151,164.4771999999648
outdoor,ots,0207_1_0.08.jpg,17.538644062991327,32.84317869966294,0.8711274539806285,0.9872567707636813,0.11511919109680151,0.01699473875740922,85.23725964435884,259.8603000078583
outdoor,ots,0208_0.8_0.16.jpg,18.484769072627603,34.75789748266499,0.9161556497960973,0.9895981337683973,0.09759823559624158,0.012122380333746234,87.57929483292573,167.2201000037603
outdoor,ots,0209_0.85_0.08.jpg,20.061859803850723,31.70072870305726,0.9003407438715373,0.9710049987624298,0.08199833975706358,0.01923584513415022,76.54116797333084,173.55490000045393
outdoor,ots,0210_0.85_0.2.jpg,13.20228804437413,33.680301101618035,0.7315907617221774,0.9809558706942975,0.19426935159524253,0.016308896897990928,91.60500309257705,172.21280001103878
outdoor,ots,0212_0.9_0.2.jpg,16.17637149718049,30.46762422111967,0.8925932823226771,0.9841018445440621,0.10924117690219384,0.02402106235406335,78.01097458271855,169.95859998860396
outdoor,ots,0213_1_0.2.jpg,10.97538306192327,30.779254903089857,0.6790816075191062,0.9732395270110819,0.25610111129905033,0.021487946590565743,91.60958121480688,177.6228000089759
outdoor,ots,0215_0.8_0.08.jpg,18.14122620626581,33.932962831275155,0.7396399741727105,0.9719960108735064,0.10947514791604351,0.016296067163894788,85.11436066948427,297.574899988831
outdoor,ots,0216_1_0.12.jpg,15.89541999741271,30.862295062850468,0.8897955161632879,0.9867745970913276,0.13816314219014314,0.02091269926306892,84.86375786049786,241.31270000361837
outdoor,ots,0217_1_0.2.jpg,11.036765623931327,33.408898116967386,0.6814147969034767,0.9832354707588421,0.240151637439773,0.01570090306281732,93.46208396644253,176.11450000549667
outdoor,ots,0218_0.9_0.2.jpg,13.513365218719374,32.25829863994401,0.7963668406145161,0.9847671628796633,0.17120088953498433,0.01908481156510854,88.8523824250067,172.31389999506064
outdoor,ots,0219_0.85_0.08.jpg,20.932380878442505,38.34625633903864,0.9427419662379474,0.9936978438089654,0.0763394948583678,0.008975802207403443,88.24224466211012,227.2124999872176
outdoor,ots,0220_0.85_0.2.jpg,13.820230294179845,25.187024125771657,0.6922877382771446,0.9007074268417199,0.17690599191327933,0.04524956126123878,74.42168678741581,329.69020000018645
outdoor,ots,0222_0.85_0.16.jpg,14.921135708563007,31.118661844453598,0.760557760291079,0.9646551718572024,0.15467745148638234,0.021415315311408056,86.15485080656471,176.35490000247955
outdoor,ots,0223_0.95_0.16.jpg,12.505996917723607,29.34343572760348,0.7756611365074714,0.9796633437925885,0.21807342640661662,0.025035146079371066,88.51985070171918,199.94199999200646
outdoor,ots,0225_0.8_0.2.jpg,12.066511272238735,31.17699289565188,0.6038387040980527,0.9511477599913203,0.22181455603696912,0.023564888906237126,89.37630682815049,178.83389999042265
outdoor,ots,0226_0.8_0.2.jpg,18.59376329803418,28.371217423504337,0.8961753954033513,0.9814239104537797,0.07157003663639104,0.020117822478110853,71.89070927909444,245.65129999245983
outdoor,ots,0228_1_0.2.jpg,10.13749380595413,28.18862327593979,0.6712833559296785,0.9641350371328189,0.2607309702469424,0.025122677097952562,90.36451783590947,228.60750000108965
outdoor,ots,0230_0.9_0.16.jpg,16.352255850209726,22.237593227290454,0.9074577430274408,0.964726287298331,0.12388970462350322,0.06139272226610212,50.44565850145622,170.4643999983091
outdoor,ots,0233_0.8_0.12.jpg,18.642998432452533,26.65762810791724,0.8947033553465361,0.9703585185492482,0.09903035482297697,0.041800146458172385,57.79056602195417,177.58229999162722
outdoor,ots,0235_0.9_0.08.jpg,17.798543998472695,31.134974808642863,0.8095847233614748,0.9727507932466568,0.11905698776685815,0.021333396635490352,82.08135007967678,161.87290000380017
outdoor,ots,0237_0.8_0.12.jpg,16.182623607103558,32.98920897304392,0.8455931790003258,0.9892189108096677,0.1419555877821082,0.01702492522432702,88.00685884155193,187.3502000089502
outdoor,ots,0238_0.8_0.2.jpg,13.610333845069643,34.21901098197077,0.7777272001022042,0.9801894131474769,0.17199934971420514,0.014612698700435491,91.50420750128603,176.17999999492895
outdoor,ots,0239_0.8_0.2.jpg,13.368539762407039,25.841761308709582,0.7894228839266906,0.9698247457191407,0.18964111993025254,0.0450647768095425,76.23680747624911,175.98990000260528
outdoor,ots,0240_1_0.08.jpg,15.730284414166292,35.69468057447851,0.7854675670551393,0.9886082560466273,0.15355893646621463,0.012596127922149857,91.79719696441053,160.35049999481998
outdoor,ots,0242_0.8_0.12.jpg,16.16793558524076,32.83587447715344,0.838103702203794,0.9855252429150155,0.14568609323544518,0.018362517066405404,87.39582797631049,173.3344000094803
outdoor,ots,0243_0.8_0.08.jpg,22.77912546783241,30.21063900274757,0.9564947831470012,0.9847962309827469,0.0594665987607164,0.026286888252989943,55.795531642364224,184.58450000616722
outdoor,ots,0244_0.9_0.12.jpg,15.995136226835285,32.627658808481556,0.8063413148251813,0.9839485992029956,0.13657823067593755,0.01602071131482896,88.269931406686,180.37489999551326
outdoor,ots,0245_1_0.2.jpg,12.505160265384497,30.169294848416794,0.7715029678529423,0.9792288586227266,0.1971002260174743,0.023142796718070895,88.25835666882756,173.1382999860216
outdoor,ots,0246_0.85_0.12.jpg,15.043342660157005,31.315396647922675,0.6646409613048567,0.9518405402164003,0.14585656018956117,0.021592319721930892,85.19618986387202,161.87199999694712
outdoor,ots,0248_0.8_0.08.jpg,18.954617964035798,38.673678313584695,0.8174731102103321,0.98837868165554,0.10014426561585087,0.009785926491808846,90.22816188780747,172.1181000029901
outdoor,ots,0249_1_0.12.jpg,11.63958133890106,32.26945666053732,0.6459912564557652,0.9836200593429575,0.2425337724201134,0.016909703789065703,93.02789342567752,174.6388999890769
outdoor,ots,0251_0.8_0.16.jpg,11.431989487508666,32.160278682116,0.6533505293746973,0.9709727807098547,0.24378855928606677,0.018525830876778036,92.4008574597936,169.00969999551307
outdoor,ots,0253_0.8_0.2.jpg,13.620804456745727,28.88996659016644,0.7370159247063163,0.9751019151045558,0.18988460879986305,0.02890878878515967,84.77559742970581,171.88090000126977
outdoor,ots,0253_1_0.16.jpg,11.991667468289805,30.222098349684195,0.7433641023879418,0.975488003809175,0.23225163758364156,0.022327234745978513,90.38661513135759,164.67099999135826
outdoor,ots,0255_0.85_0.08.jpg,20.06062728100568,38.00186029571399,0.8749564975719223,0.9884579126947074,0.08681730278141046,0.009134938618487971,89.47796433012383,171.38359999808017
outdoor,ots,0256_0.95_0.16.jpg,13.961423510134187,29.261964779415738,0.7816153950729472,0.9729212714962832,0.17209299086866384,0.026286847969799115,84.72520216562414,182.4449999985518
outdoor,ots,0258_0.8_0.2.jpg,12.095949885590349,32.918872647234465,0.604837496988683,0.9731902442410035,0.22287798077628587,0.015620785550994921,92.99132431309725,174.78750000009313
outdoor,ots,0259_0.9_0.08.jpg,20.609903771264936,33.60220115272864,0.8391088707790363,0.9715556911566908,0.077420592479416,0.016732331145092857,78.38774097690401,179.79860000195913
outdoor,ots,0260_0.9_0.2.jpg,13.710106316169071,28.070862089584054,0.7800672774559567,0.9763698506010248,0.17185118238358518,0.03202877946247837,81.36248633585991,175.47210000338964
outdoor,ots,0261_0.85_0.08.jpg,21.804530131681542,30.920734866660162,0.8975041857841712,0.9735792200899548,0.06897573369358015,0.023101523711693203,66.50774246912056,178.8172999949893
outdoor,ots,0262_0.95_0.12.jpg,14.807489097843904,34.71838973811248,0.6917536622477322,0.9779175340489245,0.160998735395545,0.014516111118304536,90.9837054427716,173.66850000689737
outdoor,ots,0263_0.95_0.08.jpg,16.488544407409194,29.520235130377777,0.8516443594437609,0.9706204790024696,0.13436808661204777,0.02465603308585413,81.65037407872056,296.3076000014553
outdoor,ots,0264_0.95_0.2.jpg,14.5053757992425,29.92353309145991,0.8641714363014023,0.9776805043794368,0.15955894509832697,0.02507892771900748,84.28233770799464,186.304899994866
outdoor,ots,0266_0.8_0.12.jpg,18.926852757616548,29.657166790326034,0.9147185463745929,0.9883339336499323,0.09821110406155271,0.026719351325532784,72.79395353484462,183.40519999037497
outdoor,ots,0267_0.9_0.16.jpg,14.582099793210093,23.75825179152058,0.8295788784152838,0.9610248030832529,0.16380246849638674,0.055065642898145396,66.38289395641833,172.34360000293236
outdoor,ots,0268_0.9_0.16.jpg,13.479259274706648,31.816006181231952,0.7663915443719699,0.9804580451551409,0.18071423823766797,0.017588331686038565,90.26731878777643,173.72239999531303
outdoor,ots,0269_0.95_0.2.jpg,14.956839467139938,31.012857668238016,0.8645051397615369,0.9869948153399403,0.15022411553219128,0.0199706335538838,86.70610097869779,167.3002000025008
outdoor,ots,0270_0.85_0.16.jpg,12.88493229519238,27.13535556797536,0.730028661239586,0.9490101007294055,0.19442993386363275,0.0368611510346306,81.04141764270432,178.39450000610668
outdoor,ots,0271_0.85_0.12.jpg,15.008910637375042,29.799149348850285,0.7358088491029258,0.9634486386938024,0.15570323948788556,0.02788343770995815,82.09192948659198,183.39520000154153
outdoor,ots,0272_0.85_0.08.jpg,20.77435549204167,35.29815314256528,0.9307034739185966,0.9911818486181856,0.0766634699077371,0.013151966898726618,82.84453443209891,171.5055999957258
outdoor,ots,0273_0.85_0.2.jpg,17.6239056638761,35.23392682395101,0.9031787731761775,0.9905166026878374,0.10702634952285997,0.0119750071574598,88.81115156037609,158.27670000726357
outdoor,ots,0274_0.95_0.12.jpg,16.342294245434505,27.488206365918106,0.893883797400148,0.9807408157091441,0.1268663216699109,0.03374614396349192,73.40022879254138,147.54190000530798
outdoor,ots,0275_1_0.16.jpg,10.492649056615289,34.71931877688429,0.626237635763335,0.9785753600704657,0.2710184655269401,0.013756669385782048,94.92408059670655,156.09170000243466
outdoor,ots,0276_1_0.12.jpg,14.205751928631624,31.45930242348618,0.7692221689977425,0.977803043683664,0.16733978152123713,0.019898566925486166,88.10887909887182,156.09949998906814
outdoor,ots,0277_1_0.08.jpg,16.988487575312593,34.9819260362002,0.822941093958773,0.9855661907708607,0.12370524213794405,0.014081392187075138,88.61697305190168,158.34010000980925
outdoor,ots,0279_0.8_0.12.jpg,17.216561698792543,28.958476853792156,0.8822128671730188,0.9801409145562734,0.10976404120970422,0.027855872497946275,74.62203500057811,158.43090000271332
outdoor,ots,0280_0.9_0.16.jpg,15.622167203637787,32.44632016431056,0.8616832405057214,0.9840442520065573,0.13425804548835454,0.01838218677301429,86.30830998843958,158.10200000123587
outdoor,ots,0281_0.9_0.12.jpg,17.17839074169988,21.91633028191319,0.8946157425721705,0.9517441812405797,0.11447398065543628,0.06563642406114988,42.66257890955001,156.5781999961473
outdoor,ots,0282_0.85_0.16.jpg,18.10735937308536,33.09229087699847,0.9055717032446161,0.9881325910218542,0.0906936564045238,0.015571225716789028,82.83095575016655,152.2467000031611
outdoor,ots,0283_0.85_0.12.jpg,16.530255370243825,30.960501418523727,0.8637539500561454,0.9817208876584189,0.12795725377978617,0.022636039932151596,82.30967960434967,176.02489999262616
outdoor,ots,0284_0.8_0.16.jpg,15.537490149223817,36.80180026396913,0.7997603531986591,0.9920042668217773,0.14819353443054187,0.010744544243116487,92.74964757445797,175.03559999749996
outdoor,ots,0285_0.85_0.2.jpg,12.377219823825406,35.5640439842386,0.7037735349601263,0.9901322508385418,0.22384336744456385,0.013146873952457203,94.12674875506956,162.21179999411106
outdoor,ots,0286_0.8_0.08.jpg,23.091960833301776,39.536887562934865,0.9612317601327587,0.9936461826502376,0.060889475872526716,0.008276883634809856,86.40669482390163,162.1381000004476
outdoor,ots,0287_0.8_0.2.jpg,12.896486691180122,32.67501029763539,0.7306194766705937,0.9806703460137237,0.1817953124752726,0.019879846751232597,89.06470393156755,157.98780000477564
outdoor,ots,0287_0.95_0.08.jpg,17.350266199927432,37.47903466663531,0.8319022288741275,0.9890049298627505,0.11011689894242235,0.00948131651222379,91.38976329495286,152.60779998789076
outdoor,ots,0288_0.95_0.2.jpg,10.044377467097414,33.20679185793503,0.6350858057113916,0.976283706853179,0.28010674470096203,0.015747395619778472,94.37807001955731,156.77829999185633
outdoor,ots,0290_0.85_0.08.jpg,19.070661401550478,32.449765351111225,0.8846363950631427,0.982138911172829,0.09447980445388221,0.018408618300941332,80.51580815717308,152.37440000055358
outdoor,ots,0291_0.95_0.12.jpg,15.691878556837107,25.508675369630552,0.8628305019929892,0.968861992235074,0.14576096242297637,0.04602344193969318,68.42539455202036,159.0866000042297
outdoor,ots,0292_1_0.16.jpg,12.84560519249524,22.53342167399261,0.7933429235103572,0.9435798500730935,0.1999233065593983,0.06599524370611111,66.98971643634994,166.99620000144932
outdoor,ots,0294_1_0.2.jpg,11.035830825899167,31.294219229613475,0.7454697081361606,0.9778401436070242,0.24112123082412212,0.019553455074890765,91.89060863818572,153.80699999514036
outdoor,ots,0295_0.85_0.08.jpg,17.949621482053907,30.409846563416913,0.8436924554592785,0.9825948293533058,0.10994860152586973,0.017411569044669742,84.16389365628962,150.31869999074843
outdoor,ots,0296_0.95_0.12.jpg,13.63915769574695,34.49007721019243,0.8138485665182486,0.9836493677927125,0.1751935592932602,0.014183429509451444,91.9041323453434,165.98720000183675
outdoor,ots,0297_0.95_0.08.jpg,15.89859429963437,34.256117660534414,0.8151421768890751,0.9888642899787564,0.14489127135188948,0.013767781791710006,90.49784661764917,158.36339999805205
outdoor,ots,0298_1_0.12.jpg,16.742651758394942,36.23348184406361,0.8875139900752759,0.9934536555299244,0.12377274068962874,0.010373833208747822,91.61863725985927,124.14199998602271
outdoor,ots,0299_0.9_0.08.jpg,19.227267667596763,36.90108858504815,0.8985268215293681,0.992352058259271,0.09499460636848472,0.011263226194432575,88.14328998314768,155.23779999057297
outdoor,ots,0300_1_0.2.jpg,12.706441251796798,33.230379049727745,0.8316585709787042,0.9865743810428905,0.20288570363944244,0.015120278414396063,92.54738633728198,162.28469999623485
outdoor,ots,0302_0.9_0.16.jpg,11.919417626362694,27.7376236091133,0.7287134462758322,0.9687779039473404,0.22409154067379394,0.03025942087158438,86.49684435642445,163.2876999938162
outdoor,ots,0303_0.9_0.12.jpg,16.806302224533948,26.190957036685734,0.8692492155464603,0.9784670249112338,0.1267780151608666,0.03666001130806714,71.08329991609364,154.68340000370517
outdoor,ots,0304_0.9_0.08.jpg,18.227981006256606,34.341330682182075,0.8600016143061854,0.9800598189938327,0.0985669312409093,0.014979632530978495,84.80256935805032,175.91469999752007
outdoor,ots,0305_0.9_0.2.jpg,11.056520407642854,30.11621954422973,0.7104810956347162,0.9741147278417169,0.2450094334600815,0.026412652374766036,89.21973700206811,161.71200000098906
outdoor,ots,0306_0.8_0.16.jpg,15.211293992785127,23.905902017663156,0.8257023879716684,0.9669907851086187,0.1362761470278918,0.05701102176874859,58.16507229721771,158.85990000970196
outdoor,ots,0307_0.8_0.12.jpg,16.747936059258983,32.74751957187049,0.8774683651601242,0.9862561582892461,0.12770401637799444,0.01752927652827952,86.27350520930787,165.0009000004502
outdoor,ots,0308_1_0.16.jpg,12.58769515033614,34.3485392732314,0.7880766777959312,0.9886374622072195,0.19822070872519526,0.014379764026822851,92.74557467085046,154.08010000828654
outdoor,ots,0309_1_0.08.jpg,17.840601267296904,32.308843010534055,0.9053925875786167,0.990686933300642,0.11291327748356661,0.02100284428100978,81.39912958953876,166.01939999964088
outdoor,ots,0311_0.8_0.16.jpg,13.598378488561835,32.079035229765026,0.7351238037144704,0.9839429589692082,0.1828961254763847,0.018241799852966353,90.0261370720314,161.34770000644494
outdoor,ots,0312_0.8_0.12.jpg,19.546427830024218,38.07658216640497,0.91621953649414,0.9936800376155533,0.08723791684110727,0.00922102955203653,89.43001067777382,149.18649999890476
outdoor,ots,0313_0.8_0.2.jpg,14.874352102199921,36.37738504173551,0.8142975378031334,0.9866958993825093,0.15643189462928575,0.011567339652990652,92.60550481667849,264.72540000395384
outdoor,ots,0314_0.9_0.12.jpg,13.997726086453891,31.120239338581115,0.7881065722919813,0.9781516999758084,0.17175609746137338,0.01914224108887541,88.8549808377671,227.56110000773333
outdoor,ots,0315_0.85_0.16.jpg,20.08509892418829,29.735186412916782,0.9385744743513601,0.9820612817500294,0.07680846920568235,0.02249054438912451,70.71865681795632,248.7645000073826
outdoor,ots,0316_0.85_0.12.jpg,17.337733775422652,34.18635464355903,0.8659092693605542,0.988376081372271,0.10944408333441233,0.014746272006491347,86.52619656555308,163.6581000057049
outdoor,ots,0317_0.85_0.08.jpg,18.136151638005632,37.453069305731184,0.8040328124103603,0.988220848146281,0.11281483111991585,0.010053965088860403,91.08807406095303,158.51789999578614
outdoor,ots,0318_0.85_0.2.jpg,12.06658611149859,29.087141428565726,0.7036911090764425,0.9737901334501501,0.21316865564921397,0.02781682082180587,86.95078812963033,170.82150001078844
outdoor,ots,0319_0.9_0.16.jpg,13.768057891756847,29.57292809350971,0.7703403929430309,0.9805352360294081,0.18356808362790417,0.024538816451079665,86.63230305108452,167.66189999179915
outdoor,ots,0320_0.9_0.08.jpg,17.105664527259705,36.358828681917984,0.7987922978091654,0.9894668980533116,0.12372654619115236,0.010258056997837656,91.70908225879224,157.72950000246055
outdoor,ots,0320_1_0.16.jpg,11.03865973091886,28.966803745317677,0.6599822913225951,0.9435794387490191,0.24740722709217225,0.024807148539950134,89.97314757987127,171.95440000796225
outdoor,ots,0321_1_0.12.jpg,11.898191769223008,34.16565647358779,0.6027218151530883,0.9766379936149098,0.2412195448287173,0.01365448819486706,94.33939001978396,164.9116999906255
outdoor,ots,0323_0.8_0.16.jpg,14.66896437496425,30.862869747549023,0.7808238464345161,0.9770278105920358,0.16869804439495364,0.02292356408408253,86.41147690392792,168.61129998869728
outdoor,ots,0324_0.8_0.12.jpg,17.750433750323012,31.275947910518823,0.8922153834971152,0.9876188530645335,0.09637849510631166,0.019976353766981883,79.27300932407421,161.48870000324678
outdoor,ots,0325_0.9_0.16.jpg,18.30955853265549,34.15893182348932,0.9178181829059429,0.9917166538324146,0.0987621953763529,0.014607951038658914,85.20895621660898,167.44370000378694
outdoor,ots,0326_0.9_0.12.jpg,15.326395057569261,30.79848710688185,0.8367310321088862,0.9858133253173342,0.15494233605101002,0.02189695272048213,85.86767060228118,154.15329999814276
outdoor,ots,0327_1_0.08.jpg,16.141103330574552,30.21575868731226,0.8575879901503437,0.9777782654915491,0.1316198590376058,0.0231473659828595,82.41346374820814,161.2669000023743
outdoor,ots,0329_0.8_0.12.jpg,14.423094292322256,35.30230428922917,0.7899762312306248,0.9841039774337984,0.16449373380579763,0.01255352557047472,92.3683811432394,160.22839999641292
outdoor,ots,0330_0.8_0.08.jpg,19.647946059825383,37.25349764165935,0.9160142259963342,0.99153655359693,0.09032604351447822,0.011014713435451223,87.80559649527288,167.28300000249874
outdoor,ots,0330_0.95_0.12.jpg,14.504642266168048,34.72101148624033,0.8438757611003534,0.987836184285527,0.16363663986395788,0.013176769834795758,91.94753751940625,150.10759999859147
outdoor,ots,0331_0.95_0.12.jpg,13.466233740094376,35.909371976534075,0.8002985428371008,0.9881454020867001,0.18502674947739756,0.011059427777274236,94.02279010424694,162.84859999723267
outdoor,ots,0332_0.95_0.08.jpg,14.996807815839974,35.10728940914458,0.8146081635621623,0.9864528157504387,0.15719622661596738,0.012381430024500813,92.12357732535999,155.2839999931166
outdoor,ots,0333_0.95_0.2.jpg,10.294903087160609,24.50321787135298,0.6668521746631907,0.9614631224129849,0.2679985267861638,0.04464501445159471,83.34131783442646,173.17900000489317
outdoor,ots,0334_1_0.08.jpg,14.199641059558562,33.592349672447256,0.7535414781397148,0.9864832195217641,0.17692731329820063,0.01491520244461421,91.56986486509182,167.15599999588449
outdoor,ots,0335_1_0.2.jpg,11.307789387779785,30.781703013083504,0.7733561646858848,0.9804207538183292,0.2529244531916516,0.02263190227297904,91.05190854716577,157.27919999335427
outdoor,ots,0337_0.8_0.08.jpg,25.491410701478706,34.96088904776587,0.9791616609343753,0.991966973674637,0.0407860516574375,0.015003554991590883,63.21398933389067,172.35330000403337
outdoor,ots,0338_0.9_0.12.jpg,18.457054293887893,27.18487934787079,0.9300577709754397,0.9803760879747019,0.09192547034222008,0.03306836776826807,64.02697310347344,179.57680000108667
outdoor,ots,0340_0.85_0.08.jpg,18.636602270037706,35.83488716395379,0.8964524180684516,0.9853736523820417,0.10514102713504508,0.013035381589718576,87.60199447816396,161.9527000002563
outdoor,ots,0341_0.85_0.2.jpg,13.695296670133,26.02384382533273,0.7837652184317204,0.9636820981635451,0.18098737475063614,0.04059055201724329,77.57271200245872,277.81010000035167
outdoor,ots,0342_0.95_0.08.jpg,15.490090673165309,34.791264770244375,0.7856325524942179,0.9875604356949316,0.149754660980982,0.013087686435642568,91.26057547994304,167.48080000979826
outdoor,ots,0343_0.95_0.2.jpg,11.521982869767731,33.75391556322492,0.7146970333479943,0.9833343651286811,0.2302619874863145,0.015511221026674666,93.26366000642527,162.1024999913061
outdoor,ots,0344_0.85_0.16.jpg,18.562582803756268,32.822594108957226,0.9162358966073952,0.9852500867977018,0.09160032443669139,0.01424632001910632,84.44729475419926,271.84599998872727
outdoor,ots,0345_0.85_0.12.jpg,17.29084006589733,35.32050263596888,0.7298579071770316,0.9547532476599733,0.11947353897902253,0.013613180660040082,88.60568655039258,165.6650999939302
outdoor,ots,0346_0.95_0.16.jpg,16.250518219251514,32.56335703811964,0.8171275647253008,0.980385935642746,0.1315893961802077,0.016886934321026205,87.16694237688098,156.82040000683628
outdoor,ots,0348_0.8_0.2.jpg,13.235230213269949,32.624673365212296,0.6396671212076965,0.9494287450940506,0.19044500826209712,0.018958186415464217,90.04531775707922,148.84739999251906
outdoor,ots,0349_0.9_0.08.jpg,19.517831746181585,34.129661021813874,0.9108886054429371,0.9869377338959723,0.08836161818557697,0.012788991966321293,85.52652069803213,163.44809999282006
outdoor,ots,0350_0.85_0.12.jpg,15.624803533739387,34.6124543011605,0.7661802275521813,0.9850526428498608,0.15407237657909015,0.012931211087860703,91.60704823558848,296.0295000084443
outdoor,ots,0351_0.95_0.16.jpg,13.519523633876155,33.115860479397575,0.809694451361121,0.9879271775282205,0.17635811570877247,0.015566158443371465,91.17354622543645,158.19550000014715
outdoor,ots,0353_0.9_0.12.jpg,18.628483742280523,35.07276668132407,0.8820077642383918,0.9848647626130989,0.08353203690936833,0.013586167061059456,83.73537155649932,234.30360000929795
outdoor,ots,0354_0.9_0.08.jpg,19.58984136026498,33.09210346408317,0.86966433326519,0.9844749978650745,0.09220642665382897,0.015585579568404815,83.09706986409435,155.80720000434667
outdoor,ots,0355_0.85_0.12.jpg,17.953618444925368,34.63465008521584,0.8887179172198905,0.9821857887002499,0.10280175159350771,0.013890379391452816,86.48817960301368,147.63700000185054
outdoor,ots,0356_0.85_0.08.jpg,18.679360084221706,34.65184806788124,0.8808683001561578,0.9852303599482496,0.10204244824081662,0.013989484077934057,86.29051639963501,160.28909999295138
outdoor,ots,0357_0.95_0.12.jpg,14.760752420506504,31.92565032083833,0.7760768360239122,0.9764768249489396,0.1638477981474976,0.01901639552820317,88.39386028827167,164.7845999978017
outdoor,ots,0359_0.85_0.16.jpg,15.16286039354662,30.789334623137222,0.7583214128633724,0.9674780646440299,0.15025432224058244,0.02215972809532277,85.25184747429358,148.9311000041198
outdoor,ots,0361_0.85_0.2.jpg,13.515175538158035,35.53026838099396,0.7191890257273078,0.986295184334916,0.1847925584177026,0.012075487671796784,93.46537700341851,230.49050000554416
outdoor,ots,0362_0.95_0.08.jpg,17.284435758026756,33.437388826776896,0.8991048968456724,0.9893553920956805,0.12280525235261028,0.016080451286832144,86.90572294804406,161.8603999959305
outdoor,ots,0364_0.85_0.12.jpg,17.146192216044863,33.5805750256413,0.869192232714587,0.9797488138532762,0.11237781328348043,0.015109234381113864,86.55495903048434,251.14249999751337
outdoor,ots,0366_0.9_0.16.jpg,15.158740406430795,28.28577228901498,0.8414143976153833,0.9801540338536556,0.15507974026888377,0.028669924506443675,81.51278006526672,214.60799999476876
outdoor,ots,0369_0.85_0.2.jpg,14.65935036362149,31.446651456918566,0.7787857791135565,0.9698013998007614,0.14438786606583948,0.019258380281995568,86.66204475975952,152.2398999950383
outdoor,ots,0371_0.9_0.08.jpg,18.42755770677419,34.71237201523887,0.8241662267334222,0.9743179266005355,0.1047265556668734,0.011904908538656929,88.6323795086287,163.95429999101907
outdoor,ots,0372_0.85_0.12.jpg,14.844869748348511,35.928782275194564,0.7069348529621741,0.9815144992620036,0.16293463907718952,0.012358501285937955,92.41505023275732,155.59580000990536
outdoor,ots,0375_0.85_0.16.jpg,13.191550062187883,33.56392704873891,0.7232149860442209,0.9876862573004735,0.18819915584246497,0.014242769859362311,92.43207067597503,201.2008000019705
outdoor,ots,0380_0.85_0.2.jpg,10.049013599563683,31.771266581430055,0.607730783456676,0.9718581096813078,0.27265795206971677,0.017228854784091512,93.68114371085696,203.03299999795854
outdoor,ots,0382_0.9_0.08.jpg,18.899706237885542,33.44332958129891,0.8780764403604104,0.989648236206731,0.09962977708963111,0.015742141610754747,84.19935235172947,157.19050000188872
outdoor,ots,0383_0.9_0.2.jpg,12.992481967467944,29.190958041938394,0.7612869384892328,0.9680140974615193,0.2029047297648097,0.02845965845394743,85.97387695973218,122.05510000057984
outdoor,ots,0385_0.8_0.08.jpg,21.195087250349395,39.20338522810101,0.8079704063057549,0.9840261069188111,0.07527382021156173,0.0077894791626006744,89.65179646006078,167.20579999673646
outdoor,ots,0386_1_0.12.jpg,14.700931943849962,34.135542906193834,0.8003141334596723,0.9820656568396714,0.1696514479271027,0.01498656812868921,91.16625444201678,154.95739999460056
outdoor,ots,0388_0.95_0.16.jpg,12.97473471775686,36.92113628089952,0.6498617615971717,0.9814678652510967,0.19075604477579575,0.01014396433202788,94.68222681374357,156.85739999753423
outdoor,ots,0390_0.9_0.12.jpg,16.610920944787946,34.286759623419755,0.822441625674097,0.9848200461307598,0.12853758493638853,0.013829127336604904,89.24117310313085,161.18660000211094
outdoor,ots,0391_1_0.08.jpg,18.772293561190445,33.8718837539301,0.899975744290737,0.9836086856633103,0.09319754445178174,0.01295299670972652,86.10155943906436,153.76349999860395
outdoor,ots,0392_1_0.2.jpg,13.215895547280285,29.331302871508534,0.8301355860383532,0.9844146505818342,0.18747853098458636,0.025800749711649366,86.23801978821108,203.61019999836572
outdoor,ots,0393_1_0.2.jpg,14.712701396632133,27.390841576869356,0.8717158595755249,0.9838140084781077,0.149131321789631,0.02662498985353373,82.1466089425851,201.02659999975003
outdoor,ots,0395_0.95_0.08.jpg,16.65405616438928,35.35224524424491,0.8972389641841244,0.9909883637312965,0.11694779422528784,0.012103214584032995,89.65074661793788,209.9754000082612
outdoor,ots,0397_0.85_0.12.jpg,17.89591559328757,34.71803662731591,0.9128982272680664,0.9886398535397672,0.11080012085937374,0.013598796032458546,87.72672385223264,167.74600000644568
outdoor,ots,0399_0.8_0.08.jpg,19.511348864546285,32.45999901600938,0.8917980443404128,0.9852373231240548,0.08590584823474476,0.0210419292394389,75.50581570125277,156.4873000024818
outdoor,ots,0400_0.9_0.12.jpg,13.8926457085611,32.9034159877333,0.7860968777166167,0.9813222518656429,0.17883019803979255,0.017064573009747196,90.45766193709842,132.48580000072252
outdoor,ots,0402_0.8_0.16.jpg,14.882823254422187,32.8788272330567,0.7737069580180219,0.9778685580801879,0.16432994609035828,0.017232551650756888,89.51343865674656,161.7444000003161
outdoor,ots,0404_0.8_0.2.jpg,14.05030831439609,31.01810301630378,0.7688613374486236,0.9803510497897131,0.16444012944983818,0.023276557695746734,85.84495989019327,116.21439999726135
outdoor,ots,0405_1_0.08.jpg,17.69767659379983,35.96523087942468,0.9171728096889256,0.9903706670921425,0.11795470024824678,0.011624103206056375,90.14527424840236,118.46509999304544
outdoor,ots,0406_1_0.2.jpg,13.821938163908229,29.73635777486573,0.8798784799568588,0.9800517460891344,0.17182560707217376,0.02365832441470611,86.23119484868857,215.94289998756722
outdoor,ots,0407_0.95_0.16.jpg,12.873771582594479,20.8400706921321,0.7841301578984204,0.9336331416074625,0.20228789903148045,0.0777881687637944,61.54580907171825,227.31499999645166
outdoor,ots,0409_1_0.12.jpg,14.726329208763687,32.25232961823928,0.8586799887950357,0.9865944667470705,0.16922327612752688,0.017666153448034082,89.56044179716447,169.42739998921752
outdoor,ots,0411_0.95_0.16.jpg,13.317898275353903,31.01753953923538,0.8177952565742155,0.9813616168806644,0.1871002231401035,0.019329658930855344,89.66881622409258,157.12459999485873
outdoor,ots,0413_0.95_0.2.jpg,11.6157343181359,30.034887162335973,0.7288692395885611,0.9778854836088852,0.23732144400929286,0.024910499007536367,89.503473627563,187.83200001053046
outdoor,ots,1001_0.8_0.16.jpg,13.58790768563663,33.348161948732475,0.7084355231090035,0.9822879394267533,0.1910839659952322,0.015666380368274686,91.8013060557911,171.378500002902
outdoor,ots,1002_1_0.16.jpg,14.541074525512968,28.302852039009032,0.8124690427918133,0.9766114539882164,0.1714698904728815,0.03370868635076013,80.34133322653251,180.56940000678878
outdoor,ots,1005_0.8_0.12.jpg,17.747738995360123,32.112392686111114,0.9015756822801441,0.9853469862532421,0.1169291956561036,0.01867555743617055,84.02831240374915,269.3250000011176
outdoor,ots,1006_1_0.16.jpg,14.440096910054924,34.02434631131027,0.8771773601574112,0.9872126538921746,0.1718905045325783,0.01458484575134625,91.51503165197519,172.00880000018515
outdoor,ots,1007_0.95_0.08.jpg,16.900653709076813,25.607062773234617,0.8112998005239799,0.9378300811328767,0.12124153369616977,0.045641770216047386,62.3546691797118,175.31310000049416
outdoor,ots,1008_0.9_0.12.jpg,14.98241180331253,27.746301541280868,0.7372704723655258,0.9673643694522777,0.1589362072512621,0.03255615548736187,79.51620716133324,162.6344000105746
outdoor,ots,1009_0.85_0.12.jpg,14.969929676109107,33.311216502530876,0.8176825059239817,0.9861464451788976,0.1625895876583813,0.01609425115706272,90.10129713779196,155.84420000959653
outdoor,ots,1010_0.85_0.08.jpg,20.15276001381066,36.16199276727982,0.9065084822946435,0.9908792642820582,0.07243916575270398,0.013558961738401591,81.28226667750916,345.4968000005465
outdoor,ots,1011_0.95_0.12.jpg,12.663040187219863,31.718755606875405,0.7323516146137599,0.9716076461101864,0.2140780083990453,0.019510639797778378,90.88619656343691,162.11509999993723
outdoor,ots,1012_0.95_0.08.jpg,14.826375349254485,31.912249914974886,0.821601689572856,0.9846804399019323,0.1569915477233523,0.0162238536914509,89.66577316212104,178.39729999832343
outdoor,ots,1015_0.8_0.12.jpg,14.754445940101133,26.497527088649147,0.8312684267763967,0.9740705169362979,0.16209954839665708,0.04114519932266692,74.61732176840069,162.32730000047013
outdoor,ots,1016_0.9_0.16.jpg,13.337340477122964,33.7972934602484,0.7471025949318116,0.9832035587036786,0.18638210620663265,0.015574782147065298,91.64362307712062,163.37559999374207
outdoor,ots,1018_0.85_0.12.jpg,18.598000215186687,26.779188984597955,0.9247765445595318,0.9797199507554636,0.09285522940557836,0.03355143228323687,63.866936859977294,181.78549999720417
outdoor,ots,1020_0.95_0.08.jpg,22.731790457253677,29.031796228664245,0.9729268900684009,0.9866105291975495,0.05873398563328773,0.0263510478665015,55.1349136349802,157.38140000030398
outdoor,ots,1022_0.85_0.12.jpg,17.097541361426668,24.971047291619193,0.8924462639299039,0.959570074547897,0.11550876375203394,0.046365843307019775,59.85945326841171,159.68959999736398
outdoor,ots,1027_0.8_0.08.jpg,17.153570165216987,33.39340094035806,0.8088711340429957,0.9791126257463086,0.12428801330496247,0.016155038492027526,87.00192660366939,169.65119999076705
outdoor,ots,1030_0.95_0.12.jpg,12.94174145594235,30.469556972001058,0.7910888306436722,0.9724376844365513,0.20657503967174953,0.023052453030518835,88.84063536852611,163.6100999894552
outdoor,ots,1034_0.9_0.16.jpg,13.866311100758013,31.56543410851357,0.8096656991384691,0.9801019749474111,0.16051437030898646,0.02229247035229089,86.11184847776356,166.84890000033192
outdoor,ots,1037_0.8_0.12.jpg,20.92289220627476,25.85527959415949,0.9523152034679326,0.9759338161521102,0.06912301731856146,0.039455885995716096,42.91931715623647,278.94380000361707
outdoor,ots,1038_1_0.16.jpg,15.199682775472322,17.890862946655737,0.8929105607300372,0.9300294367766716,0.14101239676780628,0.10569481317421693,25.045727821484498,289.4372000009753
outdoor,ots,1040_1_0.2.jpg,12.245914919090225,33.078674727185664,0.792726889538633,0.9843950622976322,0.21920748576780483,0.01709506401430629,92.20141904617431,181.57929999870248
outdoor,ots,1042_0.95_0.08.jpg,17.390464569750037,28.11853337879887,0.8505948378136532,0.9703400272639229,0.12343278965412564,0.03403963002766592,72.42253264687399,158.75230000528973
outdoor,ots,1044_0.85_0.12.jpg,14.585216291096366,29.64636539463171,0.7441735845687374,0.9673473804920326,0.16041133166158092,0.02561602925710603,84.03102985626288,160.3661999979522
outdoor,ots,1046_0.9_0.16.jpg,11.070513485673295,35.371153688317776,0.6186520931677296,0.97852841668591,0.2510487872601532,0.013065392566888078,94.79567211256192,160.258400006569
outdoor,ots,1048_0.9_0.2.jpg,10.115515542634917,32.324509731705966,0.6075174635915545,0.9724685981538933,0.28260886604256497,0.01742648533476051,93.8337055867503,167.4607000022661
outdoor,ots,1050_0.8_0.08.jpg,17.627548825821606,36.58354117130586,0.8182363873998653,0.9868770970075321,0.11979893508507666,0.011201385741764606,90.6498377478952,161.98960000474472
outdoor,ots,1051_1_0.12.jpg,15.442788227097843,30.0184996330757,0.8115444654369259,0.9757078256851024,0.14718540482448758,0.02703870495296218,81.6294875513279,176.89780000364408
outdoor,ots,1053_0.95_0.16.jpg,14.689109260703127,30.594782330625133,0.8506332532073952,0.9850524728667042,0.1536396332690821,0.0205569065390615,86.62004408389674,288.35370000160765
outdoor,ots,1055_0.95_0.2.jpg,12.802938747185674,33.97672836877927,0.735074229339379,0.991440087668139,0.20381376601611897,0.012693457653457653,93.77202665022321,384.2365000018617
outdoor,ots,1057_0.95_0.16.jpg,13.601449526741698,34.04807261710887,0.8181300632320756,0.984311633145087,0.17111856350141494,0.013370169433978008,92.18659952546446,164.13299999840092
outdoor,ots,1059_0.95_0.2.jpg,10.938171012859508,27.620821173519268,0.6925359235786691,0.9723621026750662,0.26117576850976654,0.03189824465995952,87.78667193337506,167.0460000023013
outdoor,ots,1060_0.85_0.16.jpg,14.737827194143858,30.398220874359723,0.8172497422219439,0.9824082259008436,0.15772714836902982,0.025300337240430803,83.95942239621392,174.02200000651646
outdoor,ots,1063_0.9_0.12.jpg,12.956951868637972,30.404647515983008,0.7625507690416894,0.9845368306195103,0.19490726090127883,0.020779692668027663,89.3386723994752,161.16249999322463
outdoor,ots,1709_0.95_0.08.jpg,20.64664403513953,30.880428607833636,0.8604124640191686,0.9834932122702421,0.07952649577617608,0.02284320829781188,71.27596884225855,279.6409999864409
outdoor,ots,1712_0.8_0.08.jpg,22.843318827182824,35.182533229037574,0.9417336848815201,0.9870425467858653,0.055256690166247985,0.013135758516065073,76.2277362264772,282.8180000069551
outdoor,ots,1713_1_0.08.jpg,21.147644483094506,38.3875451401228,0.937794677065913,0.9924641846256708,0.07241966247824526,0.008691048191569819,87.99903687194858,277.6023000042187
outdoor,ots,1714_1_0.2.jpg,10.32181221989594,30.005319867174123,0.6355566118817079,0.9537936350318662,0.2677051614181026,0.02236017124487713,91.647460104551,375.0551999983145
outdoor,ots,1716_0.95_0.12.jpg,16.120589159346025,35.58042717063629,0.7704484775814918,0.9804509189877283,0.12815898111550286,0.01181124544679532,90.78390416155003,284.9765999999363
outdoor,ots,1718_0.9_0.2.jpg,14.904569106491142,28.805066047244097,0.8485864353916126,0.9739240570257149,0.12988513883529046,0.02522681024924809,80.5775945321981,377.9371999989962
outdoor,ots,1722_0.95_0.16.jpg,13.229138889813827,32.621188408234076,0.6808446784412623,0.9829166034022313,0.19245452518929765,0.016777481905160263,91.28236085023511,314.1262999997707
outdoor,ots,1724_0.95_0.2.jpg,11.936120709624758,31.08892752064112,0.7146434143633202,0.9799560509926047,0.22106350399103789,0.018132328825531622,91.79767909313759,285.1770999986911
outdoor,ots,1726_0.85_0.12.jpg,18.950188787032552,35.085959629111954,0.9050169949872201,0.9850109422032381,0.09008444563538757,0.0115695128913122,87.1570263596427,409.8377999907825
outdoor,ots,1728_0.9_0.12.jpg,16.478659511996643,36.015559382750205,0.8449641823328005,0.988823431184854,0.1255453791587328,0.011159731493573079,91.11099056018433,300.2769000013359
outdoor,ots,1730_0.85_0.08.jpg,19.47394115748568,35.771473033931606,0.8816713980374972,0.9889899128776832,0.08860444143741697,0.012799875092704633,85.55390289646402,153.44330000516493
outdoor,ots,1731_0.85_0.2.jpg,12.805821363996682,33.89877384479932,0.6800340985721135,0.9866628025208616,0.204408070977414,0.015312281249593404,92.50895993134178,150.2561999950558
outdoor,ots,1732_0.95_0.2.jpg,9.363276687802912,27.317843164122007,0.615475782219569,0.9487301102545285,0.31347122132163463,0.03344968179507944,89.32926263949285,325.1461999898311
outdoor,ots,1734_1_0.08.jpg,18.137848467661946,33.06996129213039,0.902925220510605,0.9880348419041244,0.10705936194228598,0.016839393362523006,84.27096754163581,125.79140000161715
outdoor,ots,1736_0.8_0.08.jpg,19.527588893283582,38.62496769762701,0.8731645058294265,0.9905762979846515,0.08846126946375722,0.008384686281805293,90.52161993062681,289.74369999195915
outdoor,ots,1738_1_0.2.jpg,10.876361133951178,28.830639752047396,0.6951148641588579,0.976717032211455,0.2673308998823805,0.024657236030962055,90.77650764671745,280.5959000106668
outdoor,ots,1741_0.85_0.16.jpg,13.79707157946445,29.521201184063905,0.7297150328720218,0.9697793761123493,0.17779451525122014,0.02541996159330242,85.70261285751937,286.86110000126064
outdoor,ots,1742_0.85_0.12.jpg,17.244550962544174,32.831410609292064,0.84173828807387,0.9888196432950237,0.1214609719699199,0.014427770198575107,88.1214691627076,280.41449999727774
outdoor,ots,1743_0.85_0.08.jpg,21.91490770517522,36.642099800760896,0.8646815104402212,0.9874013710848636,0.0589639529878676,0.009485021144759529,83.91385065703409,297.160599991912
outdoor,ots,1744_0.85_0.08.jpg,19.549899332884518,37.57994976423723,0.8286063776806148,0.9909053100601714,0.0946259173417698,0.00984498164956789,89.59588357426632,174.63729999144562
outdoor,ots,1747_0.8_0.16.jpg,13.713048056385585,30.478417656769313,0.7785038065847124,0.9727237439652693,0.16903076068124612,0.020968966266510528,87.59458045301511,147.22110000730027
outdoor,ots,1749_0.8_0.2.jpg,12.460279282106248,31.622635982287765,0.6744725485266073,0.9733048430408101,0.2162798192988386,0.01790895391601595,91.71954038706461,325.0315000041155
outdoor,ots,1753_0.9_0.08.jpg,16.345971797618155,33.96526305302983,0.8615691199446648,0.9885890947454729,0.13229247968449342,0.013786550202179228,89.57872798746246,164.7984000010183
outdoor,ots,1756_0.9_0.12.jpg,15.267513011954719,33.456775297642466,0.8067105375204241,0.9872554562750162,0.152709623789057,0.016375144026496535,89.276934519327,165.17569999268744
outdoor,ots,1757_0.85_0.16.jpg,15.88402455953487,34.14552059739026,0.8192705135661852,0.9872336746684519,0.13383562257757192,0.013587120669988855,89.84789744830199,171.55790000106208
outdoor,ots,1759_0.8_0.12.jpg,16.421483826076674,28.853133569251316,0.8143053580942028,0.958500133680605,0.11933931077081708,0.023337229124565612,80.44463553686286,300.26859999634326
outdoor,ots,1760_1_0.16.jpg,14.371989415470768,28.62300097378923,0.8489698202592201,0.9674809129853497,0.14576934094982405,0.024642823386744422,83.09464011043937,296.4932000031695
outdoor,ots,1765_0.85_0.12.jpg,18.972068207703266,31.11301502480182,0.9039274591065648,0.9824755386111964,0.09178082080738367,0.022252004030352476,75.75527064354888,284.7078000049805
outdoor,ots,1771_1_0.08.jpg,16.08406281034265,28.898790623199197,0.8970408426080757,0.9796569998106374,0.12683650059921248,0.027964804000696328,77.9520787282917,173.104899993632
outdoor,ots,1774_0.95_0.2.jpg,11.824931686863893,27.609825993514594,0.7438441669377635,0.9596740505192063,0.23431677824712094,0.029543274815403853,87.391733628473,284.4176999933552
outdoor,ots,1778_0.9_0.08.jpg,18.601551738496475,33.86732061679888,0.8973580639672533,0.9906314438685707,0.09645145371964914,0.015278890600924497,84.15897487534772,172.53499999060296
outdoor,ots,1781_0.8_0.2.jpg,14.296124540286188,30.892822429769833,0.7958416302448293,0.9771282842707043,0.1706345609635739,0.018857890973544015,88.94837027042446,183.82010000641458
outdoor,ots,1784_0.8_0.08.jpg,20.30310941356334,34.780312811883476,0.9047532542180642,0.9881691278124469,0.07235363462282704,0.01151350565906897,84.08716558911735,169.86750000796746
outdoor,ots,1790_1_0.16.jpg,11.958295130238437,36.745666899155175,0.6547382860991166,0.9765398363164537,0.2162167927570383,0.010040441328459947,95.35630385778003,281.33309999248013
outdoor,ots,1800_1_0.16.jpg,14.242420883394658,29.983384190132178,0.8455604407471671,0.9810895130642222,0.1679844849263034,0.02266285355764531,86.50895514637364,269.981799996458
outdoor,ots,1805_0.85_0.12.jpg,17.65677952595226,25.68801854882765,0.9114716579139021,0.9738056253330091,0.10646078471903045,0.041386032704867466,61.12555536139589,313.74440000217874
outdoor,ots,1812_1_0.16.jpg,9.736866041630675,28.382656552107512,0.6366620389194569,0.9510551015045904,0.2937979422101363,0.026655569578712558,90.92724119477613,175.22199999075383
outdoor,ots,1815_1_0.2.jpg,11.737343472396226,32.193331869317745,0.7273152947291295,0.9805187752147208,0.21570288080041403,0.015724945853219097,92.70990027307093,133.84229999792296
outdoor,ots,1818_0.85_0.12.jpg,17.733341177091106,32.02066608538158,0.8432474636260344,0.9842379603172406,0.1121165397656851,0.018606311895133017,83.40448226955004,287.4370999925304
outdoor,ots,1821_0.8_0.08.jpg,21.700053225253715,38.49301954719831,0.9361621362260295,0.9895569028627005,0.06115641531394274,0.009407886010079431,84.61666789419986,168.30440000921953
outdoor,ots,1822_1_0.08.jpg,16.3443633271222,36.975415218910264,0.8647043244058153,0.9892575686598754,0.12551675421067246,0.010250259323040979,91.83354559249432,162.01889999501873
outdoor,ots,1824_0.95_0.08.jpg,17.53328947388558,36.48356452746019,0.736155149437788,0.9714432392299979,0.11881919033663799,0.011160354434531903,90.6072718862672,171.1524999991525
outdoor,ots,1826_0.9_0.08.jpg,22.49235786902821,36.33619496968573,0.9332981458216921,0.9909111899296564,0.06116106514511299,0.011377820362865231,81.39694186887692,166.9073999946704
outdoor,ots,1828_0.85_0.08.jpg,22.56412313466005,41.90998458999572,0.9473703377315155,0.9931972670265855,0.05134615777487162,0.005574738986503692,89.14281390785325,177.92530001315754
outdoor,ots,1831_0.8_0.16.jpg,16.59195004492088,41.134196468267376,0.7939825776442301,0.9921858664070696,0.12461839520147806,0.0065162921616335094,94.7709953829868,159.85389999696054
outdoor,ots,1832_0.95_0.08.jpg,16.91964837258617,39.8879599293263,0.7860728336657633,0.9908423486583282,0.12268237711109096,0.007695775588098619,93.72706566173191,154.16750000440516
outdoor,ots,1834_1_0.08.jpg,21.252102395129086,29.744064462671076,0.9191794595716326,0.9790044471024246,0.06121400384923402,0.017642053527603396,71.17969821248022,268.0657000018982
outdoor,ots,1837_0.9_0.08.jpg,16.743343518297248,36.57354580865115,0.7947266987198488,0.9798646344760119,0.11892466323971806,0.010163759802842554,91.4536071229262,153.39550000499003
outdoor,ots,1839_0.8_0.12.jpg,17.235026710886817,34.3167840021073,0.8529266124636862,0.9859911849631277,0.11324341549665579,0.014389316897791474,87.29345493154797,157.18760000891052
outdoor,ots,1840_0.85_0.08.jpg,19.95153973333162,36.6763800919687,0.9117178756948024,0.9923677513442208,0.08380147100785186,0.01039746305415963,87.59273353034725,208.89840000018012
outdoor,ots,1843_0.8_0.12.jpg,16.432915241460435,30.07911239702088,0.731289841097403,0.9615903508003097,0.13196173096871006,0.02250159190538054,82.94838963157059,160.15650000190362
outdoor,ots,1845_0.9_0.08.jpg,19.202341899098233,36.033438788347944,0.8806271024680967,0.9884915027067723,0.0928077338670389,0.011289150229524196,87.83597169898063,279.4144000072265
outdoor,ots,1846_0.9_0.08.jpg,16.15285660539627,32.436127030260266,0.7928919166483102,0.9722874030722045,0.14093561163551196,0.0169339427604632,87.98461839246161,160.57740000542253
outdoor,ots,1848_0.8_0.12.jpg,15.618533699737977,31.37830244909102,0.8365744326464642,0.9823052227781529,0.14435687454231821,0.01893011297996343,86.88658110073436,156.6515000013169
outdoor,ots,1849_1_0.12.jpg,14.16272359035661,33.51335876776797,0.7784086693370115,0.987558004554947,0.18215242871673581,0.014652429436078486,91.9559466020302,161.18760000972543
outdoor,ots,1851_0.85_0.08.jpg,16.925159623701205,35.644623425943244,0.8086811906851774,0.9806954260602195,0.12633172344438545,0.012410278543877747,90.17642819779634,154.25300000060815
outdoor,ots,1852_0.85_0.08.jpg,17.026000765418402,39.361747371401975,0.7268307324336502,0.9860520474696505,0.11448779203514996,0.00753500537348992,93.41849940382599,162.47210001165513
outdoor,ots,1853_0.85_0.08.jpg,23.046661554632987,35.64060155929573,0.9455600844170912,0.9904327379194774,0.05387306983647567,0.011132913275277451,79.3349047259412,283.9581000007456
outdoor,ots,1855_0.9_0.08.jpg,21.78148030324114,35.55597749840908,0.9416647098756922,0.9917788530126407,0.059108962516227055,0.012681854854789601,78.54494112326505,229.95169999194331
outdoor,ots,1857_0.8_0.12.jpg,14.483985961977261,30.781051319259202,0.7818341056198514,0.9765517264406355,0.16172409655449588,0.021222466543205056,86.87735737402033,153.16290000919253
outdoor,ots,1858_0.95_0.08.jpg,16.56881588861733,32.8260431724861,0.8208631798808104,0.9838038448273073,0.11529427587899455,0.014820468108191891,87.14552243833965,287.4211999878753
outdoor,ots,1859_0.85_0.16.jpg,19.97325289117237,33.18771031395545,0.9442047050782403,0.9897752312342981,0.07304535281391071,0.01267029009296885,82.65420335408899,294.0748999972129
outdoor,ots,1861_0.85_0.2.jpg,14.300159186220263,30.241893821455573,0.7676288930543688,0.9457379895770289,0.15583880686662013,0.024909310496267018,84.01597176036924,278.5966999945231
outdoor,ots,1862_0.8_0.12.jpg,16.650175301609885,31.26192005451545,0.8041093684019954,0.9703840705783037,0.1294775665865819,0.02017888604717249,84.41514231332648,284.803100003046
outdoor,ots,1863_1_0.08.jpg,15.972834859419855,31.78940294448956,0.8132355777752346,0.9822659128878172,0.12971372581224327,0.020311226404004977,84.34149145669132,294.58149999845773
outdoor,ots,1865_0.85_0.08.jpg,18.14420422332173,35.6555728891659,0.8997734132217148,0.9915261033349768,0.10994491833688391,0.011407759082938423,89.6241061270387,163.24849998636637
outdoor,ots,1867_0.8_0.2.jpg,13.264062483389694,26.820716762724,0.7455590855002866,0.9731024682971287,0.16776198136312914,0.0361825311942959,78.43221763147947,161.7621000041254
outdoor,ots,1868_1_0.08.jpg,17.521476201690945,35.736330956816886,0.806187377400769,0.9903086312074354,0.10818710071951808,0.010028419301068507,90.73047682448251,151.99939999729395
outdoor,ots,1869_1_0.2.jpg,13.895164958068296,22.71995290768219,0.8393820400371069,0.9728402205628769,0.16711116290378503,0.03776530725284464,77.40108180882186,158.86419999878854
outdoor,ots,1871_0.95_0.08.jpg,17.56020646925558,36.56979735335135,0.8313124196561316,0.991920987136279,0.1166886814304561,0.011023000263279426,90.55348883584927,160.20399999979418
outdoor,ots,1872_0.95_0.08.jpg,18.307459976280544,36.98469474532735,0.8562921093109624,0.9875590882299369,0.09821878664151842,0.010074498006701398,89.74279022835964,156.4016000047559
outdoor,ots,1873_0.85_0.16.jpg,16.29539478664087,37.02472816152778,0.8443030381364295,0.9905424350835617,0.12296717351552845,0.011121003511831032,90.9561126847907,161.38710000086576
outdoor,ots,1874_0.85_0.12.jpg,14.925469028216538,31.084845819553276,0.7515928131172175,0.9839734564238002,0.1534527585862923,0.014643362203688523,90.45740761890913,156.21039998950437
outdoor,ots,1875_0.85_0.08.jpg,18.204848626613035,36.285962549236444,0.8482487420861474,0.9843047746762935,0.0974601489346015,0.01124076025750564,88.46629188748962,148.23260001139715
outdoor,ots,1876_1_0.16.jpg,14.401505567461008,31.60517410158051,0.7683426009102102,0.9804683635823864,0.16308525067477406,0.0187317052014347,88.51415810114833,150.59049999399576
outdoor,ots,1877_0.9_0.12.jpg,14.387145622219414,34.90659109282271,0.7670696187880924,0.9807855848790864,0.15048673076839672,0.010433251941195265,93.06698923245847,152.06740000576247
outdoor,ots,1878_0.9_0.12.jpg,17.33492697116266,32.57241159611513,0.8833484981102054,0.9792941108471185,0.10445982654655905,0.016075372300361566,84.61094442437064,161.0860000073444
outdoor,ots,1879_0.9_0.08.jpg,19.851317512318296,37.129142870220036,0.8655299622487908,0.9878787073384373,0.08396170666157785,0.009639789912868487,88.51881512651373,148.70970000629313
outdoor,ots,1880_0.9_0.08.jpg,19.597971324817667,42.17296212256231,0.8676529261181614,0.9946938943448299,0.0784696196254805,0.00524086145554587,93.32114669005134,176.2330000055954
outdoor,ots,1881_0.8_0.16.jpg,15.675389815422475,31.612723077754453,0.7990744080754394,0.9839472684880177,0.1449466691633452,0.01804070396607111,87.55355136785134,271.7724999965867
outdoor,ots,1882_0.85_0.2.jpg,14.228883854694958,31.81221630492268,0.7649993304796743,0.982708668565809,0.16606740656890936,0.01711269269191124,89.6953279303828,158.61860000586603
outdoor,ots,1883_0.8_0.12.jpg,18.429755222041177,34.83029766825746,0.8987713274788627,0.9893481396268854,0.09961186700485312,0.015102807223182796,84.83833687578543,283.05889999319334
outdoor,ots,1887_0.95_0.08.jpg,17.494926158763427,37.397848603154145,0.7940641294155713,0.9897052872198172,0.1132272026114877,0.008657411383044699,92.35393931956042,164.37680000672117
outdoor,ots,1889_0.85_0.08.jpg,21.630421860535264,37.019719516434165,0.8770823078988242,0.9863304236534969,0.061994281286114526,0.01074809776808635,82.6627459640083,129.8360000073444
outdoor,ots,1891_0.9_0.16.jpg,13.878753970391998,32.400824586021855,0.7608598168160586,0.977024899215062,0.1670052001335814,0.01723796430022278,89.67818172472897,160.18580000672955
outdoor,ots,1893_0.9_0.2.jpg,11.233389587365473,31.535005977568193,0.6081263227483603,0.9634195930526648,0.24296292248374685,0.01659995980992117,93.16769449552488,153.0281000013929
outdoor,ots,1896_0.9_0.08.jpg,16.063120107660357,33.00853968804575,0.7853162411933142,0.9847538033863003,0.12804432877413935,0.015357465842012202,88.00612663625712,163.20080000150483
outdoor,ots,1898_0.85_0.08.jpg,18.97700583166722,26.581006987881345,0.9242100988031314,0.9767895031453159,0.09100776746240356,0.03574535268652916,60.72273855792599,154.56199999607634
outdoor,ots,1899_0.8_0.08.jpg,21.0537544318224,36.88622053789067,0.8783694362096565,0.9872222931952144,0.07241671618142205,0.011321151980662499,84.36664762737252,160.15549999428913
outdoor,ots,1900_0.8_0.08.jpg,18.95386621448094,36.56712384391993,0.8181089831502653,0.9905744544968709,0.10388305554471292,0.010515673407901835,89.87738439103367,152.68959999957588
outdoor,ots,1903_0.95_0.08.jpg,17.053015918943014,34.48932956366892,0.8219213653801272,0.9896750329899432,0.12097618520976185,0.013352890577450476,88.96237350306998,150.96739999717101
outdoor,ots,1909_0.85_0.2.jpg,13.167347690569963,29.767455094067202,0.7540262957399039,0.9740894907385959,0.17536737084349635,0.0241826887768626,86.21026404081154,275.76079999562353
outdoor,ots,1913_0.95_0.08.jpg,16.550480133857196,33.1902552130946,0.8429825450889664,0.9896736673050959,0.1270648775175196,0.013601452496766555,89.29565613089517,159.6348000020953
outdoor,ots,1915_1_0.08.jpg,20.886397259760123,27.598212552846597,0.9217167011588824,0.9696088827267619,0.08198038411536863,0.03741425935605502,54.361930361785035,242.7222999976948
outdoor,ots,1917_0.95_0.2.jpg,11.051826142295058,30.655049649024665,0.6268103398769876,0.9625356983719392,0.25579958313291645,0.02108451838647917,91.7574034703318,252.6452000020072
outdoor,ots,1919_1_0.08.jpg,20.29464967179509,32.39752202374386,0.9334295300687012,0.9918125616720709,0.0796102160488554,0.01713733463179056,78.47343804642173,258.3018000004813
outdoor,ots,1920_0.95_0.16.jpg,16.093262147066987,29.586989530629882,0.8845564908205001,0.987680881484596,0.12985817731119073,0.02239332900467641,82.75554320574855,292.23830001137685
outdoor,ots,1921_0.95_0.08.jpg,18.585688589469925,33.33486625918093,0.8910800180564773,0.9834790403175345,0.10500414465842109,0.015286473540894328,85.44202027946294,273.04800000274554
outdoor,ots,1923_0.9_0.08.jpg,17.483929536190274,35.1233629256673,0.8728312294277524,0.9848265559268837,0.11467740501439404,0.012377355667485278,89.20679746231488,160.7644000032451
outdoor,ots,1924_0.85_0.12.jpg,16.87456645155384,29.656156464653375,0.8368696249536338,0.9679058684913265,0.12494664031620555,0.025258502544627866,79.78456206652557,304.06439999933355
outdoor,ots,1926_0.9_0.16.jpg,15.134154796903578,30.04108822173633,0.8503498514585012,0.9853159212362854,0.15357334617102758,0.024382748336376502,84.12305432120496,178.09960000158753
outdoor,ots,1927_0.9_0.08.jpg,18.60052877906074,34.16923632748672,0.8846417219596119,0.9882787463324901,0.10429795594415604,0.014660924400726888,85.94322116638713,164.21480001008604
outdoor,ots,1928_0.9_0.08.jpg,19.09621334156791,36.03207616028787,0.9222898950647389,0.9910657477407474,0.10044956578555071,0.012283255413671994,87.77171001707815,207.98110000032466
outdoor,ots,1930_0.8_0.08.jpg,22.16527440628527,32.14636889734759,0.9486982814691771,0.9845751629745391,0.0536124492937512,0.017069278990960633,68.16171237839458,139.4189999991795
outdoor,ots,1931_0.8_0.08.jpg,21.470257596007265,34.78056642183973,0.944562672858107,0.9900021091300643,0.06924681568900636,0.013813674268035323,80.05152708360409,139.84920000075363
outdoor,ots,1932_0.8_0.2.jpg,15.592739063080652,30.037832914011823,0.8308611924279922,0.978961579012629,0.14005869788487557,0.020861007150390024,85.10551934583232,287.58160000143107
outdoor,ots,1933_0.8_0.2.jpg,15.410228918013713,28.317929867395378,0.8061506673620068,0.9762799103772144,0.14477800299917948,0.02532038593215064,82.51088310467824,218.07359998638276
outdoor,ots,1934_1_0.08.jpg,18.991623855095103,30.780454592353088,0.8915162794285575,0.9846348445684342,0.10018529650302943,0.023335967373751827,76.70718572583678,173.72099999920465
outdoor,ots,1936_0.95_0.08.jpg,16.792217870664288,34.28142228437511,0.8744337729329169,0.9926643281321198,0.13680256776567842,0.01567489738576478,88.54195027478688,165.34500000125263
outdoor,ots,1938_0.85_0.12.jpg,19.46232294211225,35.75963673791592,0.935000713165327,0.9913735632691313,0.07933003289413235,0.012098920067870946,84.74861524527697,187.03800000366755
outdoor,ots,1940_0.9_0.16.jpg,15.704991986261149,30.704461290087522,0.8772291000383138,0.9872254595268171,0.1404327355184498,0.023782094656044236,83.0651287431251,210.29669999552425
outdoor,ots,1942_0.85_0.08.jpg,22.159216718643187,36.1061091561249,0.937411418975727,0.9900387004807275,0.060709104195037694,0.011958311651406282,80.30226299631342,267.5550999992993
outdoor,ots,1944_0.9_0.16.jpg,16.949892074734727,28.52173035798099,0.8846910907582767,0.9756013945469526,0.10002228637231239,0.02216657780301716,77.83835344021037,209.58159999281634
outdoor,ots,1945_0.9_0.12.jpg,17.017209517931146,25.0713475783369,0.89686210278769,0.9747216442345912,0.12598998717676263,0.048416213082593494,61.5713753730258,154.86659998714458
outdoor,ots,1947_0.8_0.16.jpg,17.378979441260885,25.470200336542884,0.8751058253233053,0.9785974178735275,0.10889654073011316,0.045757514568609735,57.98074019624902,158.04280000156723
outdoor,ots,1949_0.8_0.2.jpg,16.1196648223293,29.627101319057473,0.8495004339091677,0.9794098388058496,0.1151491095295303,0.02721801672080762,76.36280083424565,149.7830000007525
outdoor,ots,1950_1_0.08.jpg,15.918056624598382,34.766891164080484,0.8311209060443262,0.9917523079243376,0.14892145539951665,0.013101951510406724,91.20210006310532,225.9005999949295
outdoor,ots,1953_0.8_0.2.jpg,14.820631290642986,30.166702623270027,0.8099250592958701,0.9821228465987343,0.15581337165896994,0.02492080097986526,84.00598798734138,279.77670000109356
outdoor,ots,1954_1_0.08.jpg,16.93507161174982,35.694550916855576,0.8536357182370349,0.987127886581611,0.12607661523226343,0.011134868750905373,91.16816560532752,277.8345000115223
outdoor,ots,1956_0.8_0.12.jpg,16.166533797732782,29.156837173630194,0.8081411611954249,0.9710163087958233,0.11513066626460416,0.027467555743617054,76.14227012747801,280.28019999328535
outdoor,ots,1958_0.9_0.08.jpg,27.20903596499589,36.04915716339009,0.9851764507506671,0.9966212895118383,0.035687218059740344,0.012099705019053384,66.0951111170683,272.5362000055611
outdoor,ots,1960_0.85_0.2.jpg,12.885191770563386,30.06852658900504,0.7057406535747351,0.975134150795689,0.20862632912783194,0.01986685229278617,90.47729909088176,152.13210000365507
outdoor,ots,1962_0.9_0.08.jpg,19.918143449053733,37.68864972821741,0.9100786514411842,0.9891299130233061,0.07581782617935474,0.007645344239590696,89.91615347409173,159.52990000369027
outdoor,ots,1964_0.85_0.2.jpg,13.021656660057426,27.257133546707777,0.7576121993086055,0.9740203535597448,0.20910711128501658,0.03190417393860723,84.74266024870512,211.55530000396539
outdoor,ots,1966_0.9_0.08.jpg,19.48314507414902,33.30054080458644,0.8919762617162977,0.9849461957244495,0.09278911893468225,0.01480343385428131,84.04614417201608,166.99769999831915
outdoor,ots,1968_0.8_0.12.jpg,17.034764703892986,30.616079714218046,0.8461060205652974,0.9853921409125045,0.11931458150800126,0.024507573959219025,79.45969252421608,160.52469999704044
outdoor,ots,1970_0.9_0.08.jpg,15.079232309096739,34.36696674731761,0.742342159549599,0.9824498601907282,0.1561571504821754,0.014300924067623969,90.84196073784503,176.5504999930272
outdoor,ots,1971_1_0.08.jpg,16.759943817004675,33.47116920325881,0.8674139800633651,0.9893733108182685,0.13402151410127483,0.01695834286462402,87.34654528192856,166.6482000000542
outdoor,ots,1973_0.95_0.08.jpg,19.198077507068618,34.60292679040265,0.8997296119108983,0.988876790252188,0.08757774583896219,0.012807390239095124,85.37596662941976,158.32000000227708
outdoor,ots,1975_0.85_0.12.jpg,16.963804770443915,39.67096470557713,0.7636047515224966,0.9845744236424769,0.10766046099721367,0.007837703853732062,92.71997068085008,153.42370000144
outdoor,ots,1977_0.8_0.08.jpg,17.644604926449155,36.78192687465135,0.8402277378096038,0.9889788586917901,0.11085958286755894,0.010564698401188928,90.47019014961538,151.81370000937022
outdoor,ots,1981_0.8_0.2.jpg,17.80991499545035,31.901895573097335,0.846128546499057,0.9835820529186643,0.09194378145940896,0.017683065629851974,80.76751529475632,145.71079998859204
outdoor,ots,1982_1_0.08.jpg,16.152309773610746,37.459148423557764,0.8333430770203051,0.9901805283385604,0.12901190135041712,0.009278817992393886,92.80777418513621,145.59060000465252
outdoor,ots,1984_0.85_0.08.jpg,18.461829052051545,31.892530666572526,0.8240745731469351,0.9721225274333684,0.09904051769654959,0.021117812507643018,78.67759492119636,165.57810000085738
outdoor,ots,1986_0.9_0.08.jpg,16.1633401758501,35.51465578004352,0.8149221684365525,0.9871311617392203,0.12974860123813267,0.01128578478129824,91.30179916871327,180.18310000479687
outdoor,ots,1988_0.8_0.12.jpg,15.870507593220456,31.056778540373664,0.8109589522160289,0.9790653821035894,0.14002156963943138,0.023691282367108903,83.08025632326374,166.25029999704566
